id,split,len_bucket,variant,action,tier,correct,tokens_out,cost_usd
m000,train,lo,base,raw,cheap,0,284,0.11949
m000,train,lo,base,raw,mid,1,299,0.15448
m000,train,lo,base,raw,expensive,1,243,1.644
m000,train,lo,base,rw,cheap,1,122,0.20312
m000,train,lo,base,rw,mid,1,261,0.2843
m000,train,lo,base,rw,expensive,1,250,2.10008
m000,train,lo,S1_lo,raw,cheap,1,191,0.0848
m000,train,lo,S1_lo,raw,mid,1,251,0.13297
m000,train,lo,S1_lo,raw,expensive,1,237,1.622
m000,train,lo,S1_lo,rw,cheap,0,752,0.38438000000000005
m000,train,lo,S1_lo,rw,mid,0,1004,0.5738
m000,train,lo,S1_lo,rw,expensive,0,359,2.51307
m000,train,lo,S1_hi,raw,cheap,0,295,0.12367
m000,train,lo,S1_hi,raw,mid,1,226,0.12017
m000,train,lo,S1_hi,raw,expensive,1,249,1.68
m000,train,lo,S1_hi,rw,cheap,1,287,0.20196
m000,train,lo,S1_hi,rw,mid,1,363,0.26652
m000,train,lo,S1_hi,rw,expensive,1,315,2.22826
m000,train,lo,E2_lo,raw,cheap,0,202,0.09392
m000,train,lo,E2_lo,raw,mid,1,332,0.17494
m000,train,lo,E2_lo,raw,expensive,1,249,1.746
m000,train,lo,E2_lo,rw,cheap,1,323,0.19993
m000,train,lo,E2_lo,rw,mid,1,245,0.19493
m000,train,lo,E2_lo,rw,expensive,1,256,1.7952299999999999
m000,train,lo,E2_hi,raw,cheap,0,179,0.09285
m000,train,lo,E2_hi,raw,mid,1,267,0.15234
m000,train,lo,E2_hi,raw,expensive,1,254,1.882
m000,train,lo,E2_hi,rw,cheap,0,213,0.16381
m000,train,lo,E2_hi,rw,mid,1,246,0.20087
m000,train,lo,E2_hi,rw,expensive,1,243,1.7152999999999998
m000,train,lo,D2,raw,cheap,0,300,0.12258
m000,train,lo,D2,raw,mid,1,369,0.18408
m000,train,lo,D2,raw,expensive,1,292,1.894
m000,train,lo,D2,rw,cheap,0,318,0.18331
m000,train,lo,D2,rw,mid,1,453,0.27762000000000003
m000,train,lo,D2,rw,expensive,1,266,1.81981
m000,train,lo,D1,raw,cheap,1,294,0.12277
m000,train,lo,D1,raw,mid,1,313,0.16046
m000,train,lo,D1,raw,expensive,1,234,1.582
m000,train,lo,D1,rw,cheap,0,286,0.17792
m000,train,lo,D1,rw,mid,1,335,0.2292
m000,train,lo,D1,rw,expensive,1,236,1.6598000000000002
m000,train,lo,S1_md,raw,cheap,0,182,0.08151
m000,train,lo,S1_md,raw,mid,1,284,0.14818
m000,train,lo,S1_md,raw,expensive,1,236,1.612
m000,train,lo,S1_md,rw,cheap,0,180,0.13792
m000,train,lo,S1_md,rw,mid,0,172,0.1527
m000,train,lo,S1_md,rw,expensive,0,154,1.1642100000000002
m000,train,lo,N1,raw,cheap,0,255,0.11081
m000,train,lo,N1,raw,mid,1,2001,0.95712
m000,train,lo,N1,raw,expensive,1,278,1.89
m000,train,lo,N1,rw,cheap,1,296,0.18562
m000,train,lo,N1,rw,mid,1,281,0.20773999999999998
m000,train,lo,N1,rw,expensive,1,239,1.68357
m001,train,hi,base,raw,cheap,0,242,0.11172
m001,train,hi,base,raw,mid,1,2528,1.21111
m001,train,hi,base,raw,expensive,1,371,2.532
m001,train,hi,base,rw,cheap,1,219,0.21491
m001,train,hi,base,rw,mid,0,2072,1.10913
m001,train,hi,base,rw,expensive,1,292,2.2202900000000003
m001,train,hi,S1_lo,raw,cheap,1,250,0.11476
m001,train,hi,S1_lo,raw,mid,0,294,0.16143
m001,train,hi,S1_lo,raw,expensive,1,359,2.464
m001,train,hi,S1_lo,rw,cheap,1,198,0.20324
m001,train,hi,S1_lo,rw,mid,0,4386,2.19329
m001,train,hi,S1_lo,rw,expensive,1,222,1.7857699999999999
m001,train,hi,S1_hi,raw,cheap,0,334,0.14954
m001,train,hi,S1_hi,raw,mid,1,1458,0.71376
m001,train,hi,S1_hi,raw,expensive,1,201,1.586
m001,train,hi,S1_hi,rw,cheap,1,176,0.19045
m001,train,hi,S1_hi,rw,mid,1,2693,1.39229
m001,train,hi,S1_hi,rw,expensive,1,279,2.09103
m001,train,hi,E2_lo,raw,cheap,0,254,0.1194
m001,train,hi,E2_lo,raw,mid,0,1712,0.83134
m001,train,hi,E2_lo,raw,expensive,1,373,2.594
m001,train,hi,E2_lo,rw,cheap,1,215,0.20814
m001,train,hi,E2_lo,rw,mid,1,500,0.36473999999999995
m001,train,hi,E2_lo,rw,expensive,0,323,2.3729899999999997
m001,train,hi,E2_hi,raw,cheap,0,277,0.1401
m001,train,hi,E2_hi,raw,mid,0,6787,3.22889
m001,train,hi,E2_hi,raw,expensive,1,359,2.674
m001,train,hi,E2_hi,rw,cheap,1,182,0.2127
m001,train,hi,E2_hi,rw,mid,0,1011,0.62217
m001,train,hi,E2_hi,rw,expensive,1,1051,6.7730500000000005
m001,train,hi,D2,raw,cheap,1,217,0.09923
m001,train,hi,D2,raw,mid,1,472,0.24149
m001,train,hi,D2,raw,expensive,1,338,2.29
m001,train,hi,D2,rw,cheap,0,582,0.41088
m001,train,hi,D2,rw,mid,1,493,0.42694
m001,train,hi,D2,rw,expensive,1,521,3.84293
m001,train,hi,D1,raw,cheap,1,230,0.10599
m001,train,hi,D1,raw,mid,0,452,0.23389
m001,train,hi,D1,raw,expensive,1,250,1.786
m001,train,hi,D1,rw,cheap,0,226,0.20179999999999998
m001,train,hi,D1,rw,mid,0,583,0.39292
m001,train,hi,D1,rw,expensive,0,332,2.39951
m001,train,hi,S1_md,raw,cheap,1,249,0.11542
m001,train,hi,S1_md,raw,mid,0,2503,1.20161
m001,train,hi,S1_md,raw,expensive,1,320,2.256
m001,train,hi,S1_md,rw,cheap,1,143,0.18228
m001,train,hi,S1_md,rw,mid,1,336,0.28926
m001,train,hi,S1_md,rw,expensive,1,395,2.81584
m001,train,hi,N1,raw,cheap,1,205,0.10065
m001,train,hi,N1,raw,mid,1,479,0.25108
m001,train,hi,N1,raw,expensive,0,391,2.692
m001,train,hi,N1,rw,cheap,1,282,0.58392
m001,train,hi,N1,rw,mid,1,728,0.8313699999999999
m001,train,hi,N1,rw,expensive,1,312,3.74131
m002,train,hi,base,raw,cheap,0,293,0.13526
m002,train,hi,base,raw,mid,1,381,0.20577
m002,train,hi,base,raw,expensive,1,352,2.468
m002,train,hi,base,rw,cheap,0,386,0.2817
m002,train,hi,base,rw,mid,1,505,0.37515
m002,train,hi,base,rw,expensive,1,328,2.4351
m002,train,hi,S1_lo,raw,cheap,0,323,0.14666
m002,train,hi,S1_lo,raw,mid,0,1198,0.59081
m002,train,hi,S1_lo,raw,expensive,1,325,2.32
m002,train,hi,S1_lo,rw,cheap,0,453,0.30821
m002,train,hi,S1_lo,rw,mid,1,419,0.33577999999999997
m002,train,hi,S1_lo,rw,expensive,1,360,2.62815
m002,train,hi,S1_hi,raw,cheap,0,355,0.16077
m002,train,hi,S1_hi,raw,mid,1,414,0.22653
m002,train,hi,S1_hi,raw,expensive,1,321,2.352
m002,train,hi,S1_hi,rw,cheap,0,282,0.24117
m002,train,hi,S1_hi,rw,mid,1,353,0.30276000000000003
m002,train,hi,S1_hi,rw,expensive,1,299,2.24165
m002,train,hi,E2_lo,raw,cheap,0,407,0.18495
m002,train,hi,E2_lo,raw,mid,1,404,0.22393
m002,train,hi,E2_lo,raw,expensive,1,336,2.47
m002,train,hi,E2_lo,rw,cheap,0,394,0.29475
m002,train,hi,E2_lo,rw,mid,0,1094,0.66181
m002,train,hi,E2_lo,rw,expensive,1,459,3.23833
m002,train,hi,E2_hi,raw,cheap,0,178,0.10807
m002,train,hi,E2_hi,raw,mid,1,372,0.21804
m002,train,hi,E2_hi,raw,expensive,1,320,2.496
m002,train,hi,E2_hi,rw,cheap,0,389,0.29934
m002,train,hi,E2_hi,rw,mid,1,409,0.34653
m002,train,hi,E2_hi,rw,expensive,1,388,2.8116000000000003
m002,train,hi,D2,raw,cheap,0,564,0.23525
m002,train,hi,D2,raw,mid,1,682,0.34394
m002,train,hi,D2,raw,expensive,1,354,2.436
m002,train,hi,D2,rw,cheap,0,391,0.27597
m002,train,hi,D2,rw,mid,0,870,0.53906
m002,train,hi,D2,rw,expensive,1,535,3.65651
m002,train,hi,D1,raw,cheap,0,483,0.20564
m002,train,hi,D1,raw,mid,1,391,0.20867
m002,train,hi,D1,raw,expensive,1,400,2.732
m002,train,hi,D1,rw,cheap,0,445,0.28912
m002,train,hi,D1,rw,mid,1,501,0.35783
m002,train,hi,D1,rw,expensive,1,493,3.36896
m002,train,hi,S1_md,raw,cheap,0,442,0.19279
m002,train,hi,S1_md,raw,mid,1,509,0.26818
m002,train,hi,S1_md,raw,expensive,1,310,2.246
m002,train,hi,S1_md,rw,cheap,0,356,0.26389
m002,train,hi,S1_md,rw,mid,1,334,0.28835
m002,train,hi,S1_md,rw,expensive,1,368,2.64277
m002,train,hi,N1,raw,cheap,0,276,0.1314
m002,train,hi,N1,raw,mid,1,589,0.30638
m002,train,hi,N1,raw,expensive,1,419,2.908
m002,train,hi,N1,rw,cheap,0,376,0.28388
m002,train,hi,N1,rw,mid,1,750,0.49625
m002,train,hi,N1,rw,expensive,1,314,2.3663
m003,test,lo,base,raw,cheap,1,172,0.08135
m003,test,lo,base,raw,mid,1,389,0.20158
m003,test,lo,base,raw,expensive,1,222,1.582
m003,test,lo,base,rw,cheap,1,157,0.17223
m003,test,lo,base,rw,mid,1,424,0.31549
m003,test,lo,base,rw,expensive,1,182,1.49681
m003,test,lo,S1_lo,raw,cheap,1,264,0.11683
m003,test,lo,S1_lo,raw,mid,1,589,0.29693
m003,test,lo,S1_lo,raw,expensive,1,227,1.63
m003,test,lo,S1_lo,rw,cheap,1,230,0.17985
m003,test,lo,S1_lo,rw,mid,1,382,0.27478
m003,test,lo,S1_lo,rw,expensive,1,156,1.25324
m003,test,lo,S1_hi,raw,cheap,1,169,0.08281
m003,test,lo,S1_hi,raw,mid,1,280,0.15365
m003,test,lo,S1_hi,raw,expensive,1,233,1.692
m003,test,lo,S1_hi,rw,cheap,0,144,0.17518
m003,test,lo,S1_hi,rw,mid,0,386,0.30527
m003,test,lo,S1_hi,rw,expensive,0,148,1.3134
m003,test,lo,E2_lo,raw,cheap,1,210,0.10138
m003,test,lo,E2_lo,raw,mid,1,353,0.18961
m003,test,lo,E2_lo,raw,expensive,1,234,1.72
m003,test,lo,E2_lo,rw,cheap,1,148,0.17436000000000001
m003,test,lo,E2_lo,rw,mid,1,383,0.30179
m003,test,lo,E2_lo,rw,expensive,1,172,1.4442300000000001
m003,test,lo,E2_hi,raw,cheap,1,142,0.08321
m003,test,lo,E2_hi,raw,mid,1,286,0.16607
m003,test,lo,E2_hi,raw,expensive,1,194,1.586
m003,test,lo,E2_hi,rw,cheap,1,175,0.18237
m003,test,lo,E2_hi,rw,mid,1,343,0.2804
m003,test,lo,E2_hi,rw,expensive,1,178,1.44619
m003,test,lo,D2,raw,cheap,1,234,0.10192
m003,test,lo,D2,raw,mid,1,258,0.13671
m003,test,lo,D2,raw,expensive,1,175,1.256
m003,test,lo,D2,rw,cheap,1,211,0.18718
m003,test,lo,D2,rw,mid,1,451,0.3224
m003,test,lo,D2,rw,expensive,1,260,1.9516300000000002
m003,test,lo,D1,raw,cheap,1,172,0.08096
m003,test,lo,D1,raw,mid,1,267,0.14394
m003,test,lo,D1,raw,expensive,1,230,1.626
m003,test,lo,D1,rw,cheap,1,167,0.18292999999999998
m003,test,lo,D1,rw,mid,1,452,0.33579
m003,test,lo,D1,rw,expensive,1,194,1.59815
m003,test,lo,HUMAN_A,raw,cheap,1,191,0.08259
m003,test,lo,HUMAN_A,raw,mid,1,195,0.10395
m003,test,lo,HUMAN_A,raw,expensive,1,165,1.154
m003,test,lo,HUMAN_A,rw,cheap,1,182,0.14528
m003,test,lo,HUMAN_A,rw,mid,1,261,0.20143
m003,test,lo,HUMAN_A,rw,expensive,1,197,1.4568599999999998
m003,test,lo,HUMAN_B,raw,cheap,1,224,0.0937
m003,test,lo,HUMAN_B,raw,mid,1,207,0.10809
m003,test,lo,HUMAN_B,raw,expensive,1,154,1.068
m003,test,lo,HUMAN_B,rw,cheap,1,194,0.14448
m003,test,lo,HUMAN_B,rw,mid,1,281,0.20561000000000001
m003,test,lo,HUMAN_B,rw,expensive,1,221,1.58454
m003,test,lo,S1_md,raw,cheap,1,195,0.09074
m003,test,lo,S1_md,raw,mid,1,343,0.18101
m003,test,lo,S1_md,raw,expensive,1,214,1.548
m003,test,lo,S1_md,rw,cheap,1,174,0.17447000000000001
m003,test,lo,S1_md,rw,mid,1,376,0.2884
m003,test,lo,S1_md,rw,expensive,1,218,1.6916300000000002
m003,test,lo,N1,raw,cheap,1,193,0.09167
m003,test,lo,N1,raw,mid,1,515,0.26335
m003,test,lo,N1,raw,expensive,1,236,1.7
m003,test,lo,N1,rw,cheap,1,202,0.17148000000000002
m003,test,lo,N1,rw,mid,1,361,0.26735
m003,test,lo,N1,rw,expensive,1,201,1.52938
m004,train,lo,base,raw,cheap,1,194,0.0888
m004,train,lo,base,raw,mid,1,269,0.14458
m004,train,lo,base,raw,expensive,1,130,1.022
m004,train,lo,base,rw,cheap,1,196,0.16532
m004,train,lo,base,rw,mid,1,277,0.2241
m004,train,lo,base,rw,expensive,1,130,1.09776
m004,train,lo,S1_lo,raw,cheap,1,223,0.10034
m004,train,lo,S1_lo,raw,mid,1,203,0.11431
m004,train,lo,S1_lo,raw,expensive,1,180,1.332
m004,train,lo,S1_lo,rw,cheap,1,202,0.16655
m004,train,lo,S1_lo,rw,mid,1,278,0.22346
m004,train,lo,S1_lo,rw,expensive,1,203,1.5291
m004,train,lo,S1_hi,raw,cheap,1,166,0.08011
m004,train,lo,S1_hi,raw,mid,1,825,0.4089
m004,train,lo,S1_hi,raw,expensive,1,232,1.674
m004,train,lo,S1_hi,rw,cheap,1,196,0.16725
m004,train,lo,S1_hi,rw,mid,1,293,0.23338
m004,train,lo,S1_hi,rw,expensive,1,238,1.74382
m004,train,lo,E2_lo,raw,cheap,1,196,0.09515
m004,train,lo,E2_lo,raw,mid,1,241,0.13637
m004,train,lo,E2_lo,raw,expensive,1,185,1.418
m004,train,lo,E2_lo,rw,cheap,1,194,0.16951
m004,train,lo,E2_lo,rw,mid,1,277,0.22905
m004,train,lo,E2_lo,rw,expensive,1,126,1.07871
m004,train,lo,E2_hi,raw,cheap,1,240,0.11954
m004,train,lo,E2_hi,raw,mid,1,238,0.14291
m004,train,lo,E2_hi,raw,expensive,1,212,1.686
m004,train,lo,E2_hi,rw,cheap,1,198,0.17898
m004,train,lo,E2_hi,rw,mid,1,295,0.24546
m004,train,lo,E2_hi,rw,expensive,1,130,1.11066
m004,train,lo,D2,raw,cheap,1,204,0.08961
m004,train,lo,D2,raw,mid,1,240,0.12765
m004,train,lo,D2,raw,expensive,1,141,1.044
m004,train,lo,D2,rw,cheap,1,331,0.22592
m004,train,lo,D2,rw,mid,1,451,0.3156
m004,train,lo,D2,rw,expensive,1,315,2.2563299999999997
m004,train,lo,D1,raw,cheap,1,203,0.09105
m004,train,lo,D1,raw,mid,1,297,0.15639
m004,train,lo,D1,raw,expensive,1,128,0.992
m004,train,lo,D1,rw,cheap,1,197,0.16122
m004,train,lo,D1,rw,mid,1,249,0.20649
m004,train,lo,D1,rw,expensive,1,181,1.39006
m004,train,lo,S1_md,raw,cheap,1,189,0.08755
m004,train,lo,S1_md,raw,mid,1,1141,0.55592
m004,train,lo,S1_md,raw,expensive,1,179,1.336
m004,train,lo,S1_md,rw,cheap,1,194,0.16486
m004,train,lo,S1_md,rw,mid,1,271,0.22154
m004,train,lo,S1_md,rw,expensive,1,176,1.37032
m004,train,lo,N1,raw,cheap,1,197,0.09189
m004,train,lo,N1,raw,mid,1,365,0.1918
m004,train,lo,N1,raw,expensive,1,228,1.638
m004,train,lo,N1,rw,cheap,1,201,0.18578
m004,train,lo,N1,rw,mid,1,273,0.24106
m004,train,lo,N1,rw,expensive,1,195,1.5565499999999999
m005,train,hi,base,raw,cheap,0,502,0.21702
m005,train,hi,base,raw,mid,1,1141,0.56597
m005,train,hi,base,raw,expensive,1,559,3.75
m005,train,hi,base,rw,cheap,1,358,0.2858
m005,train,hi,base,rw,mid,1,989,0.6180300000000001
m005,train,hi,base,rw,expensive,1,420,3.0395
m005,train,hi,S1_lo,raw,cheap,0,329,0.15167
m005,train,hi,S1_lo,raw,mid,0,2227,1.07774
m005,train,hi,S1_lo,raw,expensive,1,466,3.21
m005,train,hi,S1_lo,rw,cheap,0,504,0.3407
m005,train,hi,S1_lo,rw,mid,0,611,0.43986
m005,train,hi,S1_lo,rw,expensive,0,400,2.91344
m005,train,hi,S1_hi,raw,cheap,0,390,0.17576
m005,train,hi,S1_hi,raw,mid,0,894,0.45258
m005,train,hi,S1_hi,raw,expensive,1,455,3.162
m005,train,hi,S1_hi,rw,cheap,0,476,0.32961
m005,train,hi,S1_hi,rw,mid,0,941,0.59445
m005,train,hi,S1_hi,rw,expensive,0,463,3.28538
m005,train,hi,E2_lo,raw,cheap,1,356,0.16609
m005,train,hi,E2_lo,raw,mid,0,833,0.42541
m005,train,hi,E2_lo,raw,expensive,1,458,3.2
m005,train,hi,E2_lo,rw,cheap,0,437,0.3147
m005,train,hi,E2_lo,rw,mid,1,3393,1.74715
m005,train,hi,E2_lo,rw,expensive,1,494,3.46794
m005,train,hi,E2_hi,raw,cheap,0,425,0.20427
m005,train,hi,E2_hi,raw,mid,1,997,0.51479
m005,train,hi,E2_hi,raw,expensive,1,545,3.886
m005,train,hi,E2_hi,rw,cheap,1,357,0.30192
m005,train,hi,E2_hi,rw,mid,0,3159,1.65443
m005,train,hi,E2_hi,rw,expensive,1,496,3.512
m005,train,hi,D2,raw,cheap,0,371,0.16425
m005,train,hi,D2,raw,mid,1,905,0.45175
m005,train,hi,D2,raw,expensive,1,495,3.322
m005,train,hi,D2,rw,cheap,1,362,0.29177
m005,train,hi,D2,rw,mid,1,1629,0.92421
m005,train,hi,D2,rw,expensive,1,501,3.5567800000000003
m005,train,hi,D1,raw,cheap,0,357,0.15828
m005,train,hi,D1,raw,mid,1,1876,0.90752
m005,train,hi,D1,raw,expensive,1,434,2.948
m005,train,hi,D1,rw,cheap,0,252,0.31639
m005,train,hi,D1,rw,mid,0,853,0.62895
m005,train,hi,D1,rw,expensive,1,939,6.46329
m005,train,hi,S1_md,raw,cheap,0,410,0.18297
m005,train,hi,S1_md,raw,mid,1,1820,0.8863
m005,train,hi,S1_md,raw,expensive,1,472,3.244
m005,train,hi,S1_md,rw,cheap,0,469,0.32738
m005,train,hi,S1_md,rw,mid,1,756,0.50786
m005,train,hi,S1_md,rw,expensive,1,425,3.06329
m005,train,hi,N1,raw,cheap,1,388,0.17591
m005,train,hi,N1,raw,mid,1,1404,0.69183
m005,train,hi,N1,raw,expensive,1,512,3.498
m005,train,hi,N1,rw,cheap,1,348,0.30371000000000004
m005,train,hi,N1,rw,mid,1,1597,0.9258799999999999
m005,train,hi,N1,rw,expensive,1,468,3.4087899999999998
m006,test,lo,base,raw,cheap,1,222,0.09814
m006,test,lo,base,raw,mid,1,159,0.09108
m006,test,lo,base,raw,expensive,1,140,1.058
m006,test,lo,base,rw,cheap,1,187,0.15316000000000002
m006,test,lo,base,rw,mid,1,207,0.18196
m006,test,lo,base,rw,expensive,1,140,1.12632
m006,test,lo,S1_lo,raw,cheap,1,209,0.09346
m006,test,lo,S1_lo,raw,mid,1,194,0.10813
m006,test,lo,S1_lo,raw,expensive,1,144,1.09
m006,test,lo,S1_lo,rw,cheap,1,143,0.13644
m006,test,lo,S1_lo,rw,mid,1,210,0.18335
m006,test,lo,S1_lo,rw,expensive,1,144,1.14845
m006,test,lo,S1_hi,raw,cheap,1,182,0.08437
m006,test,lo,S1_hi,raw,mid,1,491,0.24997
m006,test,lo,S1_hi,raw,expensive,1,189,1.39
m006,test,lo,S1_hi,rw,cheap,1,142,0.13831
m006,test,lo,S1_hi,rw,mid,1,226,0.19312
m006,test,lo,S1_hi,rw,expensive,1,151,1.1927
m006,test,lo,E2_lo,raw,cheap,1,159,0.07732
m006,test,lo,E2_lo,raw,mid,1,192,0.11034
m006,test,lo,E2_lo,raw,expensive,1,121,0.994
m006,test,lo,E2_lo,rw,cheap,1,110,0.12298
m006,test,lo,E2_lo,rw,mid,1,184,0.16993999999999998
m006,test,lo,E2_lo,rw,expensive,1,136,1.08631
m006,test,lo,E2_hi,raw,cheap,1,180,0.09622
m006,test,lo,E2_hi,raw,mid,1,173,0.11296
m006,test,lo,E2_hi,raw,expensive,1,139,1.256
m006,test,lo,E2_hi,rw,cheap,1,221,0.18137999999999999
m006,test,lo,E2_hi,rw,mid,1,223,0.20478000000000002
m006,test,lo,E2_hi,rw,expensive,1,140,1.14162
m006,test,lo,D2,raw,cheap,1,198,0.08603
m006,test,lo,D2,raw,mid,1,194,0.10423
m006,test,lo,D2,raw,expensive,1,143,1.032
m006,test,lo,D2,rw,cheap,1,210,0.15813
m006,test,lo,D2,rw,mid,1,222,0.18508999999999998
m006,test,lo,D2,rw,expensive,1,264,1.86455
m006,test,lo,D1,raw,cheap,1,254,0.10952
m006,test,lo,D1,raw,mid,1,220,0.119
m006,test,lo,D1,raw,expensive,1,144,1.072
m006,test,lo,D1,rw,cheap,1,169,0.14124
m006,test,lo,D1,rw,mid,1,218,0.18204
m006,test,lo,D1,rw,expensive,1,169,1.28228
m006,test,lo,HUMAN_A,raw,cheap,1,111,0.05063
m006,test,lo,HUMAN_A,raw,mid,1,165,0.08835
m006,test,lo,HUMAN_A,raw,expensive,1,125,0.894
m006,test,lo,HUMAN_A,rw,cheap,1,182,0.14318
m006,test,lo,HUMAN_A,rw,mid,1,227,0.18333
m006,test,lo,HUMAN_A,rw,expensive,1,205,1.50089
m006,test,lo,HUMAN_B,raw,cheap,1,101,0.04514
m006,test,lo,HUMAN_B,raw,mid,1,140,0.07435
m006,test,lo,HUMAN_B,raw,expensive,1,145,0.984
m006,test,lo,HUMAN_B,rw,cheap,1,194,0.14356000000000002
m006,test,lo,HUMAN_B,rw,mid,1,230,0.18063
m006,test,lo,HUMAN_B,rw,expensive,1,169,1.27523
m006,test,lo,S1_md,raw,cheap,1,173,0.08004
m006,test,lo,S1_md,raw,mid,1,182,0.10354
m006,test,lo,S1_md,raw,expensive,1,142,1.092
m006,test,lo,S1_md,rw,cheap,1,142,0.13711
m006,test,lo,S1_md,rw,mid,1,239,0.19803
m006,test,lo,S1_md,rw,expensive,1,140,1.1255000000000002
m006,test,lo,N1,raw,cheap,1,271,0.11884
m006,test,lo,N1,raw,mid,1,216,0.12012
m006,test,lo,N1,raw,expensive,1,193,1.406
m006,test,lo,N1,rw,cheap,1,151,0.14353
m006,test,lo,N1,rw,mid,1,224,0.19406
m006,test,lo,N1,rw,expensive,1,141,1.14198
m007,test,lo,base,raw,cheap,1,190,0.08936
m007,test,lo,base,raw,mid,1,276,0.14907
m007,test,lo,base,raw,expensive,1,240,1.698
m007,test,lo,base,rw,cheap,1,163,0.15335
m007,test,lo,base,rw,mid,1,299,0.23378000000000002
m007,test,lo,base,rw,expensive,1,154,1.23555
m007,test,lo,S1_lo,raw,cheap,1,190,0.09014
m007,test,lo,S1_lo,raw,mid,1,305,0.1642
m007,test,lo,S1_lo,raw,expensive,1,233,1.676
m007,test,lo,S1_lo,rw,cheap,1,156,0.15145999999999998
m007,test,lo,S1_lo,rw,mid,1,285,0.22808
m007,test,lo,S1_lo,rw,expensive,1,207,1.55258
m007,test,lo,S1_hi,raw,cheap,1,182,0.08814
m007,test,lo,S1_hi,raw,mid,1,302,0.16444
m007,test,lo,S1_hi,raw,expensive,1,207,1.542
m007,test,lo,S1_hi,rw,cheap,1,164,0.16094999999999998
m007,test,lo,S1_hi,rw,mid,1,310,0.24644
m007,test,lo,S1_hi,rw,expensive,1,167,1.33399
m007,test,lo,E2_lo,raw,cheap,1,186,0.09421
m007,test,lo,E2_lo,raw,mid,1,293,0.16441
m007,test,lo,E2_lo,raw,expensive,1,215,1.646
m007,test,lo,E2_lo,rw,cheap,1,162,0.16379
m007,test,lo,E2_lo,rw,mid,1,295,0.24297000000000002
m007,test,lo,E2_lo,rw,expensive,1,215,1.62372
m007,test,lo,E2_hi,raw,cheap,1,164,0.09599
m007,test,lo,E2_hi,raw,mid,1,284,0.16933
m007,test,lo,E2_hi,raw,expensive,1,224,1.822
m007,test,lo,E2_hi,rw,cheap,1,164,0.1737
m007,test,lo,E2_hi,rw,mid,1,303,0.25588
m007,test,lo,E2_hi,rw,expensive,1,185,1.45287
m007,test,lo,D2,raw,cheap,1,178,0.08181
m007,test,lo,D2,raw,mid,1,389,0.19888
m007,test,lo,D2,raw,expensive,1,195,1.384
m007,test,lo,D2,rw,cheap,1,315,0.21042
m007,test,lo,D2,rw,mid,1,308,0.23781
m007,test,lo,D2,rw,expensive,1,293,2.0786
m007,test,lo,D1,raw,cheap,1,193,0.08985
m007,test,lo,D1,raw,mid,1,267,0.14409
m007,test,lo,D1,raw,expensive,1,208,1.496
m007,test,lo,D1,rw,cheap,1,162,0.15042
m007,test,lo,D1,rw,mid,1,292,0.22787999999999997
m007,test,lo,D1,rw,expensive,1,210,1.56339
m007,test,lo,HUMAN_A,raw,cheap,1,165,0.07284
m007,test,lo,HUMAN_A,raw,mid,1,285,0.1458
m007,test,lo,HUMAN_A,raw,expensive,1,185,1.268
m007,test,lo,HUMAN_A,rw,cheap,1,330,0.20031
m007,test,lo,HUMAN_A,rw,mid,1,452,0.28889
m007,test,lo,HUMAN_A,rw,expensive,1,188,1.395
m007,test,lo,HUMAN_B,raw,cheap,1,138,0.05998
m007,test,lo,HUMAN_B,raw,mid,1,175,0.092
m007,test,lo,HUMAN_B,raw,expensive,1,131,0.916
m007,test,lo,HUMAN_B,rw,cheap,1,187,0.13417
m007,test,lo,HUMAN_B,rw,mid,1,264,0.18975
m007,test,lo,HUMAN_B,rw,expensive,1,236,1.64632
m007,test,lo,S1_md,raw,cheap,1,227,0.10394
m007,test,lo,S1_md,raw,mid,1,294,0.15873
m007,test,lo,S1_md,raw,expensive,1,224,1.618
m007,test,lo,S1_md,rw,cheap,1,162,0.15151
m007,test,lo,S1_md,rw,mid,1,293,0.22968
m007,test,lo,S1_md,rw,expensive,1,216,1.59887
m007,test,lo,N1,raw,cheap,1,194,0.09244
m007,test,lo,N1,raw,mid,1,297,0.16074
m007,test,lo,N1,raw,expensive,1,242,1.734
m007,test,lo,N1,rw,cheap,1,166,0.15436
m007,test,lo,N1,rw,mid,1,275,0.22243999999999997
m007,test,lo,N1,rw,expensive,1,207,1.5479399999999999
m008,test,lo,base,raw,cheap,1,302,0.12893
m008,test,lo,base,raw,mid,1,281,0.14842
m008,test,lo,base,raw,expensive,1,198,1.406
m008,test,lo,base,rw,cheap,1,217,0.16349
m008,test,lo,base,rw,mid,1,261,0.2061
m008,test,lo,base,rw,expensive,1,236,1.6973799999999999
m008,test,lo,S1_lo,raw,cheap,1,279,0.12032
m008,test,lo,S1_lo,raw,mid,1,287,0.15199
m008,test,lo,S1_lo,raw,expensive,1,213,1.506
m008,test,lo,S1_lo,rw,cheap,1,274,0.18989
m008,test,lo,S1_lo,rw,mid,1,314,0.23548000000000002
m008,test,lo,S1_lo,rw,expensive,1,194,1.46095
m008,test,lo,S1_hi,raw,cheap,1,275,0.11984
m008,test,lo,S1_hi,raw,mid,1,393,0.20271
m008,test,lo,S1_hi,raw,expensive,1,215,1.53
m008,test,lo,S1_hi,rw,cheap,1,194,0.15906
m008,test,lo,S1_hi,rw,mid,1,652,0.394
m008,test,lo,S1_hi,rw,expensive,1,430,2.87291
m008,test,lo,E2_lo,raw,cheap,1,291,0.13034
m008,test,lo,E2_lo,raw,mid,1,290,0.1576
m008,test,lo,E2_lo,raw,expensive,1,202,1.496
m008,test,lo,E2_lo,rw,cheap,1,217,0.16844
m008,test,lo,E2_lo,rw,mid,1,287,0.22327
m008,test,lo,E2_lo,rw,expensive,1,251,1.79233
m008,test,lo,E2_hi,raw,cheap,1,192,0.10221
m008,test,lo,E2_hi,raw,mid,1,243,0.14661
m008,test,lo,E2_hi,raw,expensive,1,232,1.824
m008,test,lo,E2_hi,rw,cheap,1,257,0.1992
m008,test,lo,E2_hi,rw,mid,1,322,0.25516
m008,test,lo,E2_hi,rw,expensive,1,192,1.4667199999999998
m008,test,lo,D2,raw,cheap,1,244,0.1039
m008,test,lo,D2,raw,mid,1,271,0.14042
m008,test,lo,D2,raw,expensive,1,272,1.806
m008,test,lo,D2,rw,cheap,1,366,0.22286
m008,test,lo,D2,rw,mid,1,426,0.28593
m008,test,lo,D2,rw,expensive,1,326,2.25631
m008,test,lo,D1,raw,cheap,1,180,0.0801
m008,test,lo,D1,raw,mid,1,303,0.15591
m008,test,lo,D1,raw,expensive,1,177,1.242
m008,test,lo,D1,rw,cheap,1,247,0.16544
m008,test,lo,D1,rw,mid,1,199,0.16729
m008,test,lo,D1,rw,expensive,1,197,1.4333600000000002
m008,test,lo,HUMAN_A,raw,cheap,1,193,0.08244
m008,test,lo,HUMAN_A,raw,mid,1,262,0.13439
m008,test,lo,HUMAN_A,raw,expensive,1,184,1.254
m008,test,lo,HUMAN_A,rw,cheap,1,297,0.18227
m008,test,lo,HUMAN_A,rw,mid,1,483,0.29914
m008,test,lo,HUMAN_A,rw,expensive,1,227,1.61358
m008,test,lo,HUMAN_B,raw,cheap,1,157,0.06629
m008,test,lo,HUMAN_B,raw,mid,1,266,0.13357
m008,test,lo,HUMAN_B,raw,expensive,1,166,1.11
m008,test,lo,HUMAN_B,rw,cheap,1,285,0.17767
m008,test,lo,HUMAN_B,rw,mid,1,461,0.28858
m008,test,lo,HUMAN_B,rw,expensive,1,249,1.7527599999999999
m008,test,lo,S1_md,raw,cheap,1,225,0.10006
m008,test,lo,S1_md,raw,mid,1,306,0.16032
m008,test,lo,S1_md,raw,expensive,1,207,1.462
m008,test,lo,S1_md,rw,cheap,1,211,0.15896
m008,test,lo,S1_md,rw,mid,1,270,0.20800000000000002
m008,test,lo,S1_md,rw,expensive,1,201,1.47765
m008,test,lo,N1,raw,cheap,1,235,0.10555
m008,test,lo,N1,raw,mid,1,385,0.1994
m008,test,lo,N1,raw,expensive,1,260,1.806
m008,test,lo,N1,rw,cheap,1,278,0.23262
m008,test,lo,N1,rw,mid,1,358,0.29843
m008,test,lo,N1,rw,expensive,1,227,1.82332
m009,test,hi,base,raw,cheap,0,221,0.11037
m009,test,hi,base,raw,mid,1,552,0.28989
m009,test,hi,base,raw,expensive,0,234,1.81
m009,test,hi,base,rw,cheap,0,319,0.26983
m009,test,hi,base,rw,mid,1,425,0.35308
m009,test,hi,base,rw,expensive,1,486,3.43378
m009,test,hi,S1_lo,raw,cheap,0,225,0.11254
m009,test,hi,S1_lo,raw,mid,1,515,0.2743
m009,test,hi,S1_lo,raw,expensive,1,251,1.936
m009,test,hi,S1_lo,rw,cheap,0,189,0.21888999999999997
m009,test,hi,S1_lo,rw,mid,1,459,0.36713999999999997
m009,test,hi,S1_lo,rw,expensive,1,275,2.15476
m009,test,hi,S1_hi,raw,cheap,0,254,0.12369
m009,test,hi,S1_hi,raw,mid,0,458,0.24886
m009,test,hi,S1_hi,raw,expensive,1,321,2.374
m009,test,hi,S1_hi,rw,cheap,0,214,0.23746
m009,test,hi,S1_hi,rw,mid,1,498,0.39426000000000005
m009,test,hi,S1_hi,rw,expensive,0,235,1.94575
m009,test,hi,E2_lo,raw,cheap,0,180,0.10116
m009,test,hi,E2_lo,raw,mid,1,618,0.32826
m009,test,hi,E2_lo,raw,expensive,0,243,1.962
m009,test,hi,E2_lo,rw,cheap,0,209,0.23976000000000003
m009,test,hi,E2_lo,rw,mid,1,493,0.39611
m009,test,hi,E2_lo,rw,expensive,1,247,2.02195
m009,test,hi,E2_hi,raw,cheap,0,285,0.1512
m009,test,hi,E2_hi,raw,mid,1,369,0.22038
m009,test,hi,E2_hi,raw,expensive,0,245,2.096
m009,test,hi,E2_hi,rw,cheap,0,209,0.24891000000000002
m009,test,hi,E2_hi,rw,mid,1,493,0.40526
m009,test,hi,E2_hi,rw,expensive,0,234,1.9531
m009,test,hi,D2,raw,cheap,0,175,0.0899
m009,test,hi,D2,raw,mid,1,422,0.22549
m009,test,hi,D2,raw,expensive,0,271,1.988
m009,test,hi,D2,rw,cheap,1,416,0.30373
m009,test,hi,D2,rw,mid,1,616,0.44017
m009,test,hi,D2,rw,expensive,1,639,4.35095
m009,test,hi,D1,raw,cheap,0,210,0.10424
m009,test,hi,D1,raw,mid,1,422,0.22669
m009,test,hi,D1,raw,expensive,1,231,1.764
m009,test,hi,D1,rw,cheap,1,240,0.24924000000000002
m009,test,hi,D1,rw,mid,1,416,0.35868
m009,test,hi,D1,rw,expensive,1,233,1.9626100000000002
m009,test,hi,HUMAN_A,raw,cheap,1,242,0.1073
m009,test,hi,HUMAN_A,raw,mid,1,413,0.21256
m009,test,hi,HUMAN_A,raw,expensive,1,250,1.746
m009,test,hi,HUMAN_A,rw,cheap,1,400,0.27254
m009,test,hi,HUMAN_A,rw,mid,1,572,0.39343
m009,test,hi,HUMAN_A,rw,expensive,1,467,3.24109
m009,test,hi,HUMAN_B,raw,cheap,1,216,0.09651
m009,test,hi,HUMAN_B,raw,mid,1,255,0.1365
m009,test,hi,HUMAN_B,raw,expensive,1,220,1.542
m009,test,hi,HUMAN_B,rw,cheap,1,417,0.29092
m009,test,hi,HUMAN_B,rw,mid,1,592,0.41467
m009,test,hi,HUMAN_B,rw,expensive,1,506,3.52763
m009,test,hi,S1_md,raw,cheap,0,180,0.09518
m009,test,hi,S1_md,raw,mid,1,577,0.30434
m009,test,hi,S1_md,raw,expensive,1,301,2.248
m009,test,hi,S1_md,rw,cheap,0,212,0.23333
m009,test,hi,S1_md,rw,mid,1,517,0.40026000000000006
m009,test,hi,S1_md,rw,expensive,1,248,2.01342
m009,test,hi,N1,raw,cheap,0,206,0.10701
m009,test,hi,N1,raw,mid,1,461,0.24967
m009,test,hi,N1,raw,expensive,0,267,2.042
m009,test,hi,N1,rw,cheap,1,308,0.29306
m009,test,hi,N1,rw,mid,1,482,0.40784
m009,test,hi,N1,rw,expensive,1,348,2.7096
m010,train,hi,base,raw,cheap,1,229,0.11549
m010,train,hi,base,raw,mid,1,477,0.25704
m010,train,hi,base,raw,expensive,1,306,2.274
m010,train,hi,base,rw,cheap,1,277,0.28593
m010,train,hi,base,rw,mid,1,458,0.40137
m010,train,hi,base,rw,expensive,1,249,2.13521
m010,train,hi,S1_lo,raw,cheap,1,256,0.12588
m010,train,hi,S1_lo,raw,mid,1,427,0.23414
m010,train,hi,S1_lo,raw,expensive,1,344,2.51
m010,train,hi,S1_lo,rw,cheap,1,605,0.39946000000000004
m010,train,hi,S1_lo,rw,mid,1,402,0.36449
m010,train,hi,S1_lo,rw,expensive,1,293,2.35535
m010,train,hi,S1_hi,raw,cheap,1,259,0.12858
m010,train,hi,S1_hi,raw,mid,1,360,0.2067
m010,train,hi,S1_hi,raw,expensive,1,330,2.48
m010,train,hi,S1_hi,rw,cheap,1,270,0.27258
m010,train,hi,S1_hi,rw,mid,1,303,0.31705
m010,train,hi,S1_hi,rw,expensive,1,290,2.3216400000000004
m010,train,hi,E2_lo,raw,cheap,1,258,0.12963
m010,train,hi,E2_lo,raw,mid,1,394,0.22178
m010,train,hi,E2_lo,raw,expensive,1,273,2.126
m010,train,hi,E2_lo,rw,cheap,1,260,0.24786999999999998
m010,train,hi,E2_lo,rw,mid,1,395,0.33831
m010,train,hi,E2_lo,rw,expensive,1,278,2.1647600000000002
m010,train,hi,E2_hi,raw,cheap,1,258,0.14055
m010,train,hi,E2_hi,raw,mid,1,338,0.20701
m010,train,hi,E2_hi,raw,expensive,1,258,2.19
m010,train,hi,E2_hi,rw,cheap,1,324,0.29629
m010,train,hi,E2_hi,rw,mid,1,368,0.35081
m010,train,hi,E2_hi,rw,expensive,1,232,1.95465
m010,train,hi,D2,raw,cheap,1,301,0.13986
m010,train,hi,D2,raw,mid,1,329,0.18418
m010,train,hi,D2,raw,expensive,1,220,1.714
m010,train,hi,D2,rw,cheap,1,363,0.29097
m010,train,hi,D2,rw,mid,1,378,0.33505
m010,train,hi,D2,rw,expensive,1,329,2.51064
m010,train,hi,D1,raw,cheap,1,307,0.14396
m010,train,hi,D1,raw,mid,1,354,0.19833
m010,train,hi,D1,raw,expensive,1,309,2.28
m010,train,hi,D1,rw,cheap,1,281,0.28068
m010,train,hi,D1,rw,mid,1,479,0.40413999999999994
m010,train,hi,D1,rw,expensive,1,316,2.5116099999999997
m010,train,hi,S1_md,raw,cheap,1,264,0.12931
m010,train,hi,S1_md,raw,mid,1,472,0.25709
m010,train,hi,S1_md,raw,expensive,1,342,2.522
m010,train,hi,S1_md,rw,cheap,1,342,0.30189
m010,train,hi,S1_md,rw,mid,1,398,0.36379
m010,train,hi,S1_md,rw,expensive,1,292,2.34868
m010,train,hi,N1,raw,cheap,1,251,0.12632
m010,train,hi,N1,raw,mid,1,424,0.23483
m010,train,hi,N1,raw,expensive,1,349,2.568
m010,train,hi,N1,rw,cheap,1,312,0.26773
m010,train,hi,N1,rw,mid,1,336,0.31139
m010,train,hi,N1,rw,expensive,1,281,2.18912
m011,train,lo,base,raw,cheap,1,149,0.06819
m011,train,lo,base,raw,mid,1,174,0.09558
m011,train,lo,base,raw,expensive,1,134,0.988
m011,train,lo,base,rw,cheap,1,149,0.12597
m011,train,lo,base,rw,mid,1,173,0.15289
m011,train,lo,base,rw,expensive,1,139,1.07578
m011,train,lo,S1_lo,raw,cheap,1,111,0.05414
m011,train,lo,S1_lo,raw,mid,1,188,0.10261
m011,train,lo,S1_lo,raw,expensive,1,178,1.258
m011,train,lo,S1_lo,rw,cheap,1,152,0.12803
m011,train,lo,S1_lo,rw,mid,1,187,0.16054000000000002
m011,train,lo,S1_lo,rw,expensive,1,142,1.0967
m011,train,lo,S1_hi,raw,cheap,1,163,0.07481
m011,train,lo,S1_hi,raw,mid,1,333,0.17256
m011,train,lo,S1_hi,raw,expensive,1,185,1.324
m011,train,lo,S1_hi,rw,cheap,1,183,0.14114
m011,train,lo,S1_hi,rw,mid,1,154,0.14621
m011,train,lo,S1_hi,rw,expensive,1,139,1.07803
m011,train,lo,E2_lo,raw,cheap,1,104,0.05668
m011,train,lo,E2_lo,raw,mid,1,193,0.10946
m011,train,lo,E2_lo,raw,expensive,1,178,1.318
m011,train,lo,E2_lo,rw,cheap,1,162,0.13585999999999998
m011,train,lo,E2_lo,rw,mid,1,171,0.15689999999999998
m011,train,lo,E2_lo,rw,expensive,1,139,1.08073
m011,train,lo,E2_hi,raw,cheap,1,146,0.08356
m011,train,lo,E2_hi,raw,mid,1,179,0.11443
m011,train,lo,E2_hi,raw,expensive,1,182,1.496
m011,train,lo,E2_hi,rw,cheap,1,112,0.12841
m011,train,lo,E2_hi,rw,mid,1,192,0.17831999999999998
m011,train,lo,E2_hi,rw,expensive,1,139,1.09228
m011,train,lo,D2,raw,cheap,1,187,0.07964
m011,train,lo,D2,raw,mid,1,191,0.10027
m011,train,lo,D2,raw,expensive,1,133,0.938
m011,train,lo,D2,rw,cheap,1,170,0.11732
m011,train,lo,D2,rw,mid,1,138,0.1195
m011,train,lo,D2,rw,expensive,1,125,0.93414
m011,train,lo,D1,raw,cheap,1,130,0.05993
m011,train,lo,D1,raw,mid,1,162,0.08889
m011,train,lo,D1,raw,expensive,1,167,1.172
m011,train,lo,D1,rw,cheap,1,127,0.11463000000000001
m011,train,lo,D1,rw,mid,1,182,0.15421
m011,train,lo,D1,rw,expensive,1,124,0.9773200000000001
m011,train,lo,S1_md,raw,cheap,1,125,0.05985
m011,train,lo,S1_md,raw,mid,1,200,0.1099
m011,train,lo,S1_md,raw,expensive,1,187,1.334
m011,train,lo,S1_md,rw,cheap,1,152,0.12921
m011,train,lo,S1_md,rw,mid,1,176,0.15639999999999998
m011,train,lo,S1_md,rw,expensive,1,139,1.07788
m011,train,lo,N1,raw,cheap,1,150,0.07039
m011,train,lo,N1,raw,mid,1,206,0.11257
m011,train,lo,N1,raw,expensive,1,193,1.368
m011,train,lo,N1,rw,cheap,1,187,0.14236
m011,train,lo,N1,rw,mid,1,165,0.15108
m011,train,lo,N1,rw,expensive,1,96,0.81973
m015,train,lo,base,raw,cheap,1,303,0.12632
m015,train,lo,base,raw,mid,1,653,0.32146
m015,train,lo,base,raw,expensive,1,395,2.564
m015,train,lo,base,rw,cheap,1,289,0.18188
m015,train,lo,base,rw,mid,1,610,0.36213
m015,train,lo,base,rw,expensive,1,386,2.57088
m015,train,lo,S1_lo,raw,cheap,1,292,0.12253
m015,train,lo,S1_lo,raw,mid,1,476,0.23857
m015,train,lo,S1_lo,raw,expensive,1,319,2.112
m015,train,lo,S1_lo,rw,cheap,1,272,0.17572
m015,train,lo,S1_lo,rw,mid,1,638,0.37559000000000003
m015,train,lo,S1_lo,rw,expensive,1,390,2.5951799999999996
m015,train,lo,S1_hi,raw,cheap,1,356,0.14802
m015,train,lo,S1_hi,raw,mid,1,485,0.24385
m015,train,lo,S1_hi,raw,expensive,1,383,2.51
m015,train,lo,S1_hi,rw,cheap,1,269,0.17563
m015,train,lo,S1_hi,rw,mid,1,628,0.37194
m015,train,lo,S1_hi,rw,expensive,1,395,2.62623
m015,train,lo,E2_lo,raw,cheap,1,267,0.11901
m015,train,lo,E2_lo,raw,mid,1,508,0.26066
m015,train,lo,E2_lo,raw,expensive,1,310,2.152
m015,train,lo,E2_lo,rw,cheap,1,309,0.19683
m015,train,lo,E2_lo,rw,mid,1,566,0.3488
m015,train,lo,E2_lo,rw,expensive,1,426,2.81823
m015,train,lo,E2_hi,raw,cheap,1,288,0.1357
m015,train,lo,E2_hi,raw,mid,1,482,0.25714
m015,train,lo,E2_hi,raw,expensive,1,351,2.514
m015,train,lo,E2_hi,rw,cheap,1,268,0.17662
m015,train,lo,E2_hi,rw,mid,1,565,0.34339
m015,train,lo,E2_hi,rw,expensive,1,380,2.4965900000000003
m015,train,lo,D2,raw,cheap,1,261,0.10737
m015,train,lo,D2,raw,mid,1,534,0.26223
m015,train,lo,D2,raw,expensive,1,382,2.442
m015,train,lo,D2,rw,cheap,1,295,0.17606
m015,train,lo,D2,rw,mid,1,582,0.34070999999999996
m015,train,lo,D2,rw,expensive,1,434,2.83582
m015,train,lo,D1,raw,cheap,1,240,0.10212
m015,train,lo,D1,raw,mid,1,575,0.2845
m015,train,lo,D1,raw,expensive,1,388,2.518
m015,train,lo,D1,rw,cheap,1,312,0.18672
m015,train,lo,D1,rw,mid,1,559,0.33414
m015,train,lo,D1,rw,expensive,1,404,2.66376
m015,train,lo,S1_md,raw,cheap,1,291,0.12215
m015,train,lo,S1_md,raw,mid,1,532,0.26519
m015,train,lo,S1_md,raw,expensive,1,307,2.044
m015,train,lo,S1_md,rw,cheap,1,283,0.1802
m015,train,lo,S1_md,rw,mid,1,621,0.3679
m015,train,lo,S1_md,rw,expensive,1,426,2.81148
m015,train,lo,N1,raw,cheap,1,318,0.13475
m015,train,lo,N1,raw,mid,1,646,0.32147
m015,train,lo,N1,raw,expensive,1,355,2.368
m015,train,lo,N1,rw,cheap,1,273,0.1779
m015,train,lo,N1,rw,mid,1,584,0.35197
m015,train,lo,N1,rw,expensive,1,400,2.65324
m013,test,hi,base,raw,cheap,1,246,0.10986
m013,test,hi,base,raw,mid,1,522,0.26409
m013,test,hi,base,raw,expensive,1,240,1.69
m013,test,hi,base,rw,cheap,1,293,0.20596
m013,test,hi,base,rw,mid,1,483,0.324
m013,test,hi,base,rw,expensive,1,210,1.58824
m013,test,hi,S1_lo,raw,cheap,1,230,0.10404
m013,test,hi,S1_lo,raw,mid,1,446,0.22912
m013,test,hi,S1_lo,raw,expensive,1,238,1.688
m013,test,hi,S1_lo,rw,cheap,1,238,0.19027
m013,test,hi,S1_lo,rw,mid,1,539,0.35541
m013,test,hi,S1_lo,rw,expensive,1,237,1.7682799999999999
m013,test,hi,S1_hi,raw,cheap,1,216,0.10015
m013,test,hi,S1_hi,raw,mid,1,424,0.22163
m013,test,hi,S1_hi,raw,expensive,1,270,1.918
m013,test,hi,S1_hi,rw,cheap,1,318,0.21892999999999999
m013,test,hi,S1_hi,rw,mid,1,437,0.30598000000000003
m013,test,hi,S1_hi,rw,expensive,1,233,1.7298399999999998
m013,test,hi,E2_lo,raw,cheap,1,211,0.10293
m013,test,hi,E2_lo,raw,mid,1,489,0.25593
m013,test,hi,E2_lo,raw,expensive,1,233,1.746
m013,test,hi,E2_lo,rw,cheap,1,166,0.16505
m013,test,hi,E2_lo,rw,mid,1,509,0.34357
m013,test,hi,E2_lo,rw,expensive,1,223,1.6735900000000001
m013,test,hi,E2_hi,raw,cheap,1,148,0.08913
m013,test,hi,E2_hi,raw,mid,1,454,0.24863
m013,test,hi,E2_hi,raw,expensive,1,238,1.898
m013,test,hi,E2_hi,rw,cheap,1,242,0.20308
m013,test,hi,E2_hi,rw,mid,1,353,0.2794
m013,test,hi,E2_hi,rw,expensive,1,223,1.6827400000000001
m013,test,hi,D2,raw,cheap,1,261,0.11257
m013,test,hi,D2,raw,mid,1,487,0.24434
m013,test,hi,D2,raw,expensive,1,234,1.61
m013,test,hi,D2,rw,cheap,1,303,0.20285999999999998
m013,test,hi,D2,rw,mid,1,451,0.30194
m013,test,hi,D2,rw,expensive,1,248,1.79812
m013,test,hi,D1,raw,cheap,1,254,0.11238
m013,test,hi,D1,raw,mid,1,539,0.27148
m013,test,hi,D1,raw,expensive,1,274,1.886
m013,test,hi,D1,rw,cheap,1,219,0.19065
m013,test,hi,D1,rw,mid,1,374,0.28642999999999996
m013,test,hi,D1,rw,expensive,1,249,1.87845
m013,test,hi,HUMAN_A,raw,cheap,1,155,0.06995
m013,test,hi,HUMAN_A,raw,mid,1,346,0.17582
m013,test,hi,HUMAN_A,raw,expensive,1,179,1.25
m013,test,hi,HUMAN_A,rw,cheap,1,330,0.23568
m013,test,hi,HUMAN_A,rw,mid,1,533,0.36427
m013,test,hi,HUMAN_A,rw,expensive,1,430,2.99161
m013,test,hi,HUMAN_B,raw,cheap,1,136,0.05974
m013,test,hi,HUMAN_B,raw,mid,1,262,0.13304
m013,test,hi,HUMAN_B,raw,expensive,1,182,1.224
m013,test,hi,HUMAN_B,rw,cheap,1,284,0.20135999999999998
m013,test,hi,HUMAN_B,rw,mid,1,589,0.37303000000000003
m013,test,hi,HUMAN_B,rw,expensive,1,395,2.7215
m013,test,hi,S1_md,raw,cheap,1,222,0.10204
m013,test,hi,S1_md,raw,mid,1,485,0.2491
m013,test,hi,S1_md,raw,expensive,1,230,1.662
m013,test,hi,S1_md,rw,cheap,1,322,0.21938000000000002
m013,test,hi,S1_md,rw,mid,1,460,0.31559
m013,test,hi,S1_md,rw,expensive,1,241,1.77664
m013,test,hi,N1,raw,cheap,1,261,0.11751
m013,test,hi,N1,raw,mid,1,489,0.25068
m013,test,hi,N1,raw,expensive,1,288,2.006
m013,test,hi,N1,rw,cheap,1,242,0.18868000000000001
m013,test,hi,N1,rw,mid,1,352,0.26453
m013,test,hi,N1,rw,expensive,1,225,1.6803400000000002
m014,test,hi,base,raw,cheap,1,622,0.25547
m014,test,hi,base,raw,mid,1,675,0.3393
m014,test,hi,base,raw,expensive,1,337,2.316
m014,test,hi,base,rw,cheap,1,319,0.44815
m014,test,hi,base,rw,mid,1,539,0.58798
m014,test,hi,base,rw,expensive,1,407,3.7072
m014,test,hi,S1_lo,raw,cheap,1,749,0.30412
m014,test,hi,S1_lo,raw,mid,1,551,0.28162
m014,test,hi,S1_lo,raw,expensive,1,377,2.564
m014,test,hi,S1_lo,rw,cheap,1,534,0.32677
m014,test,hi,S1_lo,rw,mid,1,706,0.45875
m014,test,hi,S1_lo,rw,expensive,1,412,2.90788
m014,test,hi,S1_hi,raw,cheap,0,428,0.18435
m014,test,hi,S1_hi,raw,mid,0,1139,0.56218
m014,test,hi,S1_hi,raw,expensive,1,455,3.088
m014,test,hi,S1_hi,rw,cheap,0,545,0.33948
m014,test,hi,S1_hi,rw,mid,0,517,0.37846
m014,test,hi,S1_hi,rw,expensive,0,353,2.5753700000000004
m014,test,hi,E2_lo,raw,cheap,1,606,0.25576
m014,test,hi,E2_lo,raw,mid,1,432,0.23244
m014,test,hi,E2_lo,raw,expensive,1,378,2.66
m014,test,hi,E2_lo,rw,cheap,1,513,0.40066999999999997
m014,test,hi,E2_lo,rw,mid,1,532,0.46121999999999996
m014,test,hi,E2_lo,rw,expensive,1,377,3.01338
m014,test,hi,E2_hi,raw,cheap,1,375,0.17812
m014,test,hi,E2_hi,raw,mid,1,627,0.33324
m014,test,hi,E2_hi,raw,expensive,1,369,2.728
m014,test,hi,E2_hi,rw,cheap,1,606,0.35777000000000003
m014,test,hi,E2_hi,rw,mid,1,635,0.42888000000000004
m014,test,hi,E2_hi,rw,expensive,1,337,2.4243799999999998
m014,test,hi,D2,raw,cheap,1,579,0.23614
m014,test,hi,D2,raw,mid,1,542,0.27349
m014,test,hi,D2,raw,expensive,1,356,2.386
m014,test,hi,D2,rw,cheap,1,420,0.37182000000000004
m014,test,hi,D2,rw,mid,1,512,0.45915
m014,test,hi,D2,rw,expensive,1,399,3.20636
m014,test,hi,D1,raw,cheap,1,570,0.23519
m014,test,hi,D1,raw,mid,1,2979,1.42158
m014,test,hi,D1,raw,expensive,1,348,2.374
m014,test,hi,D1,rw,cheap,0,531,0.33077
m014,test,hi,D1,rw,mid,1,665,0.4451
m014,test,hi,D1,rw,expensive,1,379,2.73585
m014,test,hi,HUMAN_A,raw,cheap,1,439,0.18008
m014,test,hi,HUMAN_A,raw,mid,1,548,0.27391
m014,test,hi,HUMAN_A,raw,expensive,1,328,2.186
m014,test,hi,HUMAN_A,rw,cheap,0,475,0.30258999999999997
m014,test,hi,HUMAN_A,rw,mid,0,587,0.40148
m014,test,hi,HUMAN_A,rw,expensive,0,475,3.2993400000000004
m014,test,hi,HUMAN_B,raw,cheap,1,402,0.16316
m014,test,hi,HUMAN_B,raw,mid,1,495,0.24555
m014,test,hi,HUMAN_B,raw,expensive,1,337,2.194
m014,test,hi,HUMAN_B,rw,cheap,1,422,0.23887999999999998
m014,test,hi,HUMAN_B,rw,mid,1,908,0.50798
m014,test,hi,HUMAN_B,rw,expensive,1,371,2.50887
m014,test,hi,S1_md,raw,cheap,0,588,0.24372
m014,test,hi,S1_md,raw,mid,1,878,0.43741
m014,test,hi,S1_md,raw,expensive,1,365,2.52
m014,test,hi,S1_md,rw,cheap,0,514,0.30913999999999997
m014,test,hi,S1_md,rw,mid,1,2634,1.35461
m014,test,hi,S1_md,rw,expensive,1,415,2.87858
m014,test,hi,N1,raw,cheap,1,767,0.31317
m014,test,hi,N1,raw,mid,1,806,0.40387
m014,test,hi,N1,raw,expensive,1,364,2.518
m014,test,hi,N1,rw,cheap,1,520,0.34005
m014,test,hi,N1,rw,mid,1,671,0.46144
m014,test,hi,N1,rw,expensive,1,370,2.72497
m017,test,hi,base,raw,cheap,1,234,0.11544
m017,test,hi,base,raw,mid,1,284,0.16393
m017,test,hi,base,raw,expensive,1,198,1.594
m017,test,hi,base,rw,cheap,1,264,0.24024
m017,test,hi,base,rw,mid,1,297,0.28300000000000003
m017,test,hi,base,rw,expensive,1,176,1.53426
m017,test,hi,S1_lo,raw,cheap,1,119,0.07239
m017,test,hi,S1_lo,raw,mid,1,302,0.17344
m017,test,hi,S1_lo,raw,expensive,1,181,1.506
m017,test,hi,S1_lo,rw,cheap,1,123,0.18531
m017,test,hi,S1_lo,rw,mid,1,287,0.27687
m017,test,hi,S1_lo,rw,expensive,1,175,1.5194299999999998
m017,test,hi,S1_hi,raw,cheap,1,195,0.10205
m017,test,hi,S1_hi,raw,mid,1,329,0.18793
m017,test,hi,S1_hi,raw,expensive,1,217,1.746
m017,test,hi,S1_hi,rw,cheap,1,198,0.23168
m017,test,hi,S1_hi,rw,mid,1,307,0.30481
m017,test,hi,S1_hi,rw,expensive,1,202,1.7499200000000001
m017,test,hi,E2_lo,raw,cheap,1,201,0.10602
m017,test,hi,E2_lo,raw,mid,1,214,0.13478
m017,test,hi,E2_lo,raw,expensive,1,189,1.59
m017,test,hi,E2_lo,rw,cheap,0,312,0.2597
m017,test,hi,E2_lo,rw,mid,1,304,0.28756
m017,test,hi,E2_lo,rw,expensive,1,184,1.57613
m017,test,hi,E2_hi,raw,cheap,1,184,0.11048
m017,test,hi,E2_hi,raw,mid,1,250,0.16325
m017,test,hi,E2_hi,raw,expensive,1,189,1.744
m017,test,hi,E2_hi,rw,cheap,0,376,0.29557
m017,test,hi,E2_hi,rw,mid,1,260,0.27842999999999996
m017,test,hi,E2_hi,rw,expensive,1,186,1.59968
m017,test,hi,D2,raw,cheap,1,217,0.10599
m017,test,hi,D2,raw,mid,1,288,0.16251
m017,test,hi,D2,raw,expensive,1,211,1.628
m017,test,hi,D2,rw,cheap,1,201,0.20027
m017,test,hi,D2,rw,mid,1,254,0.24647000000000002
m017,test,hi,D2,rw,expensive,1,219,1.7370899999999998
m017,test,hi,D1,raw,cheap,1,124,0.07195
m017,test,hi,D1,raw,mid,1,286,0.16307
m017,test,hi,D1,raw,expensive,1,173,1.42
m017,test,hi,D1,rw,cheap,1,156,0.19186999999999999
m017,test,hi,D1,rw,mid,1,214,0.23661
m017,test,hi,D1,rw,expensive,1,173,1.49223
m017,test,hi,HUMAN_A,raw,cheap,1,240,0.10277
m017,test,hi,HUMAN_A,raw,mid,1,212,0.11344
m017,test,hi,HUMAN_A,raw,expensive,1,172,1.216
m017,test,hi,HUMAN_A,rw,cheap,1,284,0.20040999999999998
m017,test,hi,HUMAN_A,rw,mid,1,354,0.26214
m017,test,hi,HUMAN_A,rw,expensive,1,236,1.7541099999999998
m017,test,hi,HUMAN_B,raw,cheap,1,132,0.059
m017,test,hi,HUMAN_B,raw,mid,1,206,0.10807
m017,test,hi,HUMAN_B,raw,expensive,1,148,1.038
m017,test,hi,HUMAN_B,rw,cheap,1,252,0.17815999999999999
m017,test,hi,HUMAN_B,rw,mid,1,330,0.24025000000000002
m017,test,hi,HUMAN_B,rw,expensive,1,208,1.55145
m017,test,hi,S1_md,raw,cheap,1,217,0.11028
m017,test,hi,S1_md,raw,mid,1,342,0.19359
m017,test,hi,S1_md,raw,expensive,1,170,1.458
m017,test,hi,S1_md,rw,cheap,1,128,0.20463
m017,test,hi,S1_md,rw,mid,1,301,0.30154000000000003
m017,test,hi,S1_md,rw,expensive,1,189,1.67147
m017,test,hi,N1,raw,cheap,1,219,0.11221
m017,test,hi,N1,raw,mid,1,352,0.19829
m017,test,hi,N1,raw,expensive,1,287,2.16
m017,test,hi,N1,rw,cheap,1,210,0.22418
m017,test,hi,N1,rw,mid,1,330,0.30277
m017,test,hi,N1,rw,expensive,1,251,1.99407
m018,test,lo,base,raw,cheap,1,366,0.15208
m018,test,lo,base,raw,mid,1,600,0.29745
m018,test,lo,base,raw,expensive,1,315,2.096
m018,test,lo,base,rw,cheap,1,423,0.24708000000000002
m018,test,lo,base,rw,mid,1,659,0.39908
m018,test,lo,base,rw,expensive,1,399,2.70165
m018,test,lo,S1_lo,raw,cheap,1,332,0.13955
m018,test,lo,S1_lo,raw,mid,1,629,0.31138
m018,test,lo,S1_lo,raw,expensive,1,340,2.25
m018,test,lo,S1_lo,rw,cheap,1,401,0.23615
m018,test,lo,S1_lo,rw,mid,1,473,0.30886
m018,test,lo,S1_lo,rw,expensive,1,363,2.4736
m018,test,lo,S1_hi,raw,cheap,0,435,0.17921
m018,test,lo,S1_hi,raw,mid,1,1085,0.52705
m018,test,lo,S1_hi,raw,expensive,0,434,2.832
m018,test,lo,S1_hi,rw,cheap,0,337,0.20731
m018,test,lo,S1_hi,rw,mid,0,474,0.30448
m018,test,lo,S1_hi,rw,expensive,0,412,2.74425
m018,test,lo,E2_lo,raw,cheap,1,351,0.15197
m018,test,lo,E2_lo,raw,mid,1,603,0.30381
m018,test,lo,E2_lo,raw,expensive,1,358,2.42
m018,test,lo,E2_lo,rw,cheap,1,433,0.25403
m018,test,lo,E2_lo,rw,mid,1,633,0.38995
m018,test,lo,E2_lo,rw,expensive,1,377,2.56719
m018,test,lo,E2_hi,raw,cheap,1,324,0.1512
m018,test,lo,E2_hi,raw,mid,1,459,0.24723
m018,test,lo,E2_hi,raw,expensive,1,368,2.628
m018,test,lo,E2_hi,rw,cheap,1,392,0.24261
m018,test,lo,E2_hi,rw,mid,1,1455,0.77995
m018,test,lo,E2_hi,rw,expensive,1,309,2.14065
m018,test,lo,D2,raw,cheap,1,432,0.17417
m018,test,lo,D2,raw,mid,1,498,0.24621
m018,test,lo,D2,raw,expensive,1,344,2.226
m018,test,lo,D2,rw,cheap,1,448,0.24214
m018,test,lo,D2,rw,mid,1,552,0.33370999999999995
m018,test,lo,D2,rw,expensive,1,351,2.3634199999999996
m018,test,lo,D1,raw,cheap,1,389,0.16004
m018,test,lo,D1,raw,mid,1,613,0.30281
m018,test,lo,D1,raw,expensive,1,309,2.05
m018,test,lo,D1,rw,cheap,1,412,0.24429
m018,test,lo,D1,rw,mid,1,608,0.37684
m018,test,lo,D1,rw,expensive,1,332,2.30878
m018,test,lo,HUMAN_A,raw,cheap,1,385,0.15462
m018,test,lo,HUMAN_A,raw,mid,1,433,0.21431
m018,test,lo,HUMAN_A,raw,expensive,1,309,1.998
m018,test,lo,HUMAN_A,rw,cheap,1,562,0.29147
m018,test,lo,HUMAN_A,rw,mid,1,781,0.44866999999999996
m018,test,lo,HUMAN_A,rw,expensive,1,494,3.25465
m018,test,lo,HUMAN_B,raw,cheap,1,372,0.14799
m018,test,lo,HUMAN_B,raw,mid,0,599,0.29038
m018,test,lo,HUMAN_B,raw,expensive,1,396,2.494
m018,test,lo,HUMAN_B,rw,cheap,0,549,0.27644
m018,test,lo,HUMAN_B,rw,mid,0,969,0.5264
m018,test,lo,HUMAN_B,rw,expensive,1,619,3.96812
m018,test,lo,S1_md,raw,cheap,1,356,0.1488
m018,test,lo,S1_md,raw,mid,1,556,0.27812
m018,test,lo,S1_md,raw,expensive,1,315,2.114
m018,test,lo,S1_md,rw,cheap,1,372,0.21611
m018,test,lo,S1_md,rw,mid,1,935,0.51651
m018,test,lo,S1_md,rw,expensive,1,377,2.5166600000000003
m018,test,lo,N1,raw,cheap,1,410,0.17075
m018,test,lo,N1,raw,mid,1,615,0.3066
m018,test,lo,N1,raw,expensive,1,372,2.466
m018,test,lo,N1,rw,cheap,1,372,0.22105999999999998
m018,test,lo,N1,rw,mid,1,495,0.31479999999999997
m018,test,lo,N1,rw,expensive,1,306,2.1087
m016,test,hi,base,raw,cheap,1,345,0.15125
m016,test,hi,base,raw,mid,0,586,0.29747
m016,test,hi,base,raw,expensive,1,352,2.406
m016,test,hi,base,rw,cheap,1,373,0.2545
m016,test,hi,base,rw,mid,1,1782,0.95209
m016,test,hi,base,rw,expensive,1,348,2.47635
m016,test,hi,S1_lo,raw,cheap,0,422,0.18129
m016,test,hi,S1_lo,raw,mid,1,789,0.39378
m016,test,hi,S1_lo,raw,expensive,0,364,2.49
m016,test,hi,S1_lo,rw,cheap,1,373,0.25573999999999997
m016,test,hi,S1_lo,rw,mid,1,398,0.30313
m016,test,hi,S1_lo,rw,expensive,0,370,2.6117199999999996
m016,test,hi,S1_hi,raw,cheap,1,429,0.18499
m016,test,hi,S1_hi,raw,mid,0,903,0.45171
m016,test,hi,S1_hi,raw,expensive,0,384,2.668
m016,test,hi,S1_hi,rw,cheap,1,464,0.29561
m016,test,hi,S1_hi,rw,mid,1,401,0.31013
m016,test,hi,S1_hi,rw,expensive,1,339,2.4350099999999997
m016,test,hi,E2_lo,raw,cheap,1,391,0.1751
m016,test,hi,E2_lo,raw,mid,1,486,0.25782
m016,test,hi,E2_lo,raw,expensive,0,361,2.558
m016,test,hi,E2_lo,rw,cheap,1,373,0.26245
m016,test,hi,E2_lo,rw,mid,1,462,0.33966
m016,test,hi,E2_lo,rw,expensive,1,348,2.48617
m016,test,hi,E2_hi,raw,cheap,1,418,0.1955
m016,test,hi,E2_hi,raw,mid,1,394,0.22373
m016,test,hi,E2_hi,raw,expensive,0,341,2.56
m016,test,hi,E2_hi,rw,cheap,1,373,0.26954
m016,test,hi,E2_hi,rw,mid,1,1159,0.6745399999999999
m016,test,hi,E2_hi,rw,expensive,1,348,2.48791
m016,test,hi,D2,raw,cheap,1,319,0.13838
m016,test,hi,D2,raw,mid,1,641,0.32002
m016,test,hi,D2,raw,expensive,1,350,2.35
m016,test,hi,D2,rw,cheap,1,432,0.27915
m016,test,hi,D2,rw,mid,1,572,0.38566999999999996
m016,test,hi,D2,rw,expensive,1,342,2.45928
m016,test,hi,D1,raw,cheap,1,469,0.19811
m016,test,hi,D1,raw,mid,1,1071,0.52512
m016,test,hi,D1,raw,expensive,1,367,2.492
m016,test,hi,D1,rw,cheap,1,373,0.25214000000000003
m016,test,hi,D1,rw,mid,1,567,0.37888
m016,test,hi,D1,rw,expensive,1,340,2.42064
m016,test,hi,HUMAN_A,raw,cheap,1,429,0.17511
m016,test,hi,HUMAN_A,raw,mid,1,416,0.20932
m016,test,hi,HUMAN_A,raw,expensive,1,348,2.272
m016,test,hi,HUMAN_A,rw,cheap,1,486,0.27714
m016,test,hi,HUMAN_A,rw,mid,1,430,0.29662
m016,test,hi,HUMAN_A,rw,expensive,1,456,3.06917
m016,test,hi,HUMAN_B,raw,cheap,0,283,0.11729
m016,test,hi,HUMAN_B,raw,mid,0,516,0.25392
m016,test,hi,HUMAN_B,raw,expensive,0,353,2.27
m016,test,hi,HUMAN_B,rw,cheap,0,575,0.31756
m016,test,hi,HUMAN_B,rw,mid,0,4421,2.17929
m016,test,hi,HUMAN_B,rw,expensive,0,425,2.91782
m016,test,hi,S1_md,raw,cheap,1,512,0.21536
m016,test,hi,S1_md,raw,mid,0,473,0.24571
m016,test,hi,S1_md,raw,expensive,1,367,2.514
m016,test,hi,S1_md,rw,cheap,1,368,0.25416
m016,test,hi,S1_md,rw,mid,1,428,0.31767999999999996
m016,test,hi,S1_md,rw,expensive,1,340,2.43217
m016,test,hi,N1,raw,cheap,1,373,0.16514
m016,test,hi,N1,raw,mid,1,468,0.24546
m016,test,hi,N1,raw,expensive,1,373,2.578
m016,test,hi,N1,rw,cheap,1,474,0.29486999999999997
m016,test,hi,N1,rw,mid,1,446,0.32638
m016,test,hi,N1,rw,expensive,1,367,2.5888600000000004
m019,test,lo,base,raw,cheap,1,214,0.09588
m019,test,lo,base,raw,mid,1,243,0.13101
m019,test,lo,base,raw,expensive,1,176,1.28
m019,test,lo,base,rw,cheap,1,207,0.16862
m019,test,lo,base,rw,mid,1,334,0.25016
m019,test,lo,base,rw,expensive,1,245,1.78888
m019,test,lo,S1_lo,raw,cheap,1,225,0.10019
m019,test,lo,S1_lo,raw,mid,1,220,0.1205
m019,test,lo,S1_lo,raw,expensive,1,172,1.26
m019,test,lo,S1_lo,rw,cheap,1,221,0.17043
m019,test,lo,S1_lo,rw,mid,1,372,0.26428
m019,test,lo,S1_lo,rw,expensive,1,181,1.39189
m019,test,lo,S1_hi,raw,cheap,1,235,0.10581
m019,test,lo,S1_hi,raw,mid,1,300,0.16335
m019,test,lo,S1_hi,raw,expensive,1,176,1.354
m019,test,lo,S1_hi,rw,cheap,1,222,0.17499
m019,test,lo,S1_hi,rw,mid,1,261,0.21582
m019,test,lo,S1_hi,rw,expensive,1,199,1.4962
m019,test,lo,E2_lo,raw,cheap,1,201,0.09731
m019,test,lo,E2_lo,raw,mid,1,210,0.12285
m019,test,lo,E2_lo,raw,expensive,1,201,1.528
m019,test,lo,E2_lo,rw,cheap,1,220,0.17569
m019,test,lo,E2_lo,rw,mid,1,355,0.26118
m019,test,lo,E2_lo,rw,expensive,1,193,1.45953
m019,test,lo,E2_hi,raw,cheap,1,170,0.09424
m019,test,lo,E2_hi,raw,mid,1,397,0.21944
m019,test,lo,E2_hi,raw,expensive,1,234,1.842
m019,test,lo,E2_hi,rw,cheap,1,210,0.18059
m019,test,lo,E2_hi,rw,mid,1,211,0.2022
m019,test,lo,E2_hi,rw,expensive,1,184,1.41423
m019,test,lo,D2,raw,cheap,1,235,0.10087
m019,test,lo,D2,raw,mid,1,221,0.11737
m019,test,lo,D2,raw,expensive,1,150,1.08
m019,test,lo,D2,rw,cheap,1,229,0.16919
m019,test,lo,D2,rw,mid,1,398,0.27136
m019,test,lo,D2,rw,expensive,1,205,1.52335
m019,test,lo,D1,raw,cheap,1,198,0.08954
m019,test,lo,D1,raw,mid,1,225,0.12225
m019,test,lo,D1,raw,expensive,1,179,1.294
m019,test,lo,D1,rw,cheap,1,221,0.17317
m019,test,lo,D1,rw,mid,1,218,0.19472
m019,test,lo,D1,rw,expensive,1,166,1.3121099999999999
m019,test,lo,HUMAN_A,raw,cheap,1,166,0.07309
m019,test,lo,HUMAN_A,raw,mid,1,191,0.10207
m019,test,lo,HUMAN_A,raw,expensive,1,181,1.25
m019,test,lo,HUMAN_A,rw,cheap,1,317,0.20005
m019,test,lo,HUMAN_A,rw,mid,1,471,0.30385
m019,test,lo,HUMAN_A,rw,expensive,1,206,1.52568
m019,test,lo,HUMAN_B,raw,cheap,0,178,0.07466
m019,test,lo,HUMAN_B,raw,mid,1,202,0.10409
m019,test,lo,HUMAN_B,raw,expensive,1,146,0.998
m019,test,lo,HUMAN_B,rw,cheap,1,277,0.18003
m019,test,lo,HUMAN_B,rw,mid,1,477,0.30166
m019,test,lo,HUMAN_B,rw,expensive,1,186,1.3951200000000001
m019,test,lo,S1_md,raw,cheap,1,228,0.10185
m019,test,lo,S1_md,raw,mid,1,414,0.21243
m019,test,lo,S1_md,raw,expensive,1,228,1.606
m019,test,lo,S1_md,rw,cheap,1,211,0.17077
m019,test,lo,S1_md,rw,mid,1,215,0.19434
m019,test,lo,S1_md,rw,expensive,1,165,1.30899
m019,test,lo,N1,raw,cheap,1,260,0.11583
m019,test,lo,N1,raw,mid,1,452,0.23209
m019,test,lo,N1,raw,expensive,1,241,1.708
m019,test,lo,N1,rw,cheap,1,248,0.20201999999999998
m019,test,lo,N1,rw,mid,1,360,0.27949
m019,test,lo,N1,rw,expensive,1,172,1.4105400000000001
m020,test,lo,base,raw,cheap,1,281,0.11991
m020,test,lo,base,raw,mid,1,388,0.19751
m020,test,lo,base,raw,expensive,1,210,1.462
m020,test,lo,base,rw,cheap,1,250,0.15816
m020,test,lo,base,rw,mid,1,384,0.24535
m020,test,lo,base,rw,expensive,1,215,1.50102
m020,test,lo,S1_lo,raw,cheap,1,259,0.1122
m020,test,lo,S1_lo,raw,mid,1,425,0.21595
m020,test,lo,S1_lo,raw,expensive,1,241,1.662
m020,test,lo,S1_lo,rw,cheap,1,225,0.17404999999999998
m020,test,lo,S1_lo,rw,mid,1,428,0.2925
m020,test,lo,S1_lo,rw,expensive,1,233,1.7113399999999999
m020,test,lo,S1_hi,raw,cheap,1,191,0.08714
m020,test,lo,S1_hi,raw,mid,0,422,0.21604
m020,test,lo,S1_hi,raw,expensive,1,272,1.868
m020,test,lo,S1_hi,rw,cheap,0,238,0.16875
m020,test,lo,S1_hi,rw,mid,0,451,0.29241
m020,test,lo,S1_hi,rw,expensive,0,213,1.54344
m020,test,lo,E2_lo,raw,cheap,1,213,0.09862
m020,test,lo,E2_lo,raw,mid,1,497,0.25294
m020,test,lo,E2_lo,raw,expensive,1,211,1.524
m020,test,lo,E2_lo,rw,cheap,1,450,0.2579
m020,test,lo,E2_lo,rw,mid,1,422,0.28787
m020,test,lo,E2_lo,rw,expensive,1,211,1.56273
m020,test,lo,E2_hi,raw,cheap,1,183,0.09671
m020,test,lo,E2_hi,raw,mid,1,316,0.17897
m020,test,lo,E2_hi,raw,expensive,1,235,1.816
m020,test,lo,E2_hi,rw,cheap,1,260,0.19058999999999998
m020,test,lo,E2_hi,rw,mid,1,410,0.28651
m020,test,lo,E2_hi,rw,expensive,1,210,1.54066
m020,test,lo,D2,raw,cheap,1,250,0.10514
m020,test,lo,D2,raw,mid,1,352,0.17729
m020,test,lo,D2,raw,expensive,1,215,1.448
m020,test,lo,D2,rw,cheap,1,550,0.27799
m020,test,lo,D2,rw,mid,1,481,0.29694
m020,test,lo,D2,rw,expensive,1,274,1.88877
m020,test,lo,D1,raw,cheap,1,264,0.11293
m020,test,lo,D1,raw,mid,1,395,0.2002
m020,test,lo,D1,raw,expensive,1,218,1.502
m020,test,lo,D1,rw,cheap,1,180,0.16164
m020,test,lo,D1,rw,mid,1,312,0.24314999999999998
m020,test,lo,D1,rw,expensive,1,218,1.64686
m020,test,lo,HUMAN_A,raw,cheap,1,223,0.09423
m020,test,lo,HUMAN_A,raw,mid,1,370,0.1856
m020,test,lo,HUMAN_A,raw,expensive,1,235,1.566
m020,test,lo,HUMAN_A,rw,cheap,1,275,0.20196
m020,test,lo,HUMAN_A,rw,mid,1,550,0.3596
m020,test,lo,HUMAN_A,rw,expensive,1,271,1.99165
m020,test,lo,HUMAN_B,raw,cheap,1,191,0.07921
m020,test,lo,HUMAN_B,raw,mid,1,407,0.19984
m020,test,lo,HUMAN_B,raw,expensive,1,230,1.494
m020,test,lo,HUMAN_B,rw,cheap,0,339,0.19352
m020,test,lo,HUMAN_B,rw,mid,0,322,0.21828999999999998
m020,test,lo,HUMAN_B,rw,expensive,0,284,1.9429999999999998
m020,test,lo,S1_md,raw,cheap,1,255,0.11042
m020,test,lo,S1_md,raw,mid,1,368,0.18886
m020,test,lo,S1_md,raw,expensive,1,214,1.496
m020,test,lo,S1_md,rw,cheap,1,186,0.157
m020,test,lo,S1_md,rw,mid,1,394,0.27436
m020,test,lo,S1_md,rw,expensive,1,224,1.6496300000000002
m020,test,lo,N1,raw,cheap,0,490,0.20206
m020,test,lo,N1,raw,mid,0,483,0.24501
m020,test,lo,N1,raw,expensive,0,288,1.968
m020,test,lo,N1,rw,cheap,1,194,0.20192
m020,test,lo,N1,rw,mid,1,451,0.34355
m020,test,lo,N1,rw,expensive,1,302,2.2802800000000003
m022,train,hi,base,raw,cheap,1,167,0.08361
m022,train,hi,base,raw,mid,1,275,0.1522
m022,train,hi,base,raw,expensive,1,165,1.296
m022,train,hi,base,rw,cheap,1,194,0.19881
m022,train,hi,base,rw,mid,1,228,0.23563
m022,train,hi,base,rw,expensive,1,178,1.50912
m022,train,hi,S1_lo,raw,cheap,1,160,0.08147
m022,train,hi,S1_lo,raw,mid,1,243,0.13851
m022,train,hi,S1_lo,raw,expensive,1,165,1.314
m022,train,hi,S1_lo,rw,cheap,1,200,0.19271
m022,train,hi,S1_lo,rw,mid,1,271,0.24727
m022,train,hi,S1_lo,rw,expensive,1,165,1.3929500000000001
m022,train,hi,S1_hi,raw,cheap,1,124,0.06909
m022,train,hi,S1_hi,raw,mid,1,161,0.10312
m022,train,hi,S1_hi,raw,expensive,1,166,1.362
m022,train,hi,S1_hi,rw,cheap,1,160,0.18037
m022,train,hi,S1_hi,rw,mid,1,251,0.23978
m022,train,hi,S1_hi,rw,expensive,1,201,1.60716
m022,train,hi,E2_lo,raw,cheap,1,160,0.08407
m022,train,hi,E2_lo,raw,mid,1,258,0.14796
m022,train,hi,E2_lo,raw,expensive,1,165,1.346
m022,train,hi,E2_lo,rw,cheap,1,162,0.18106
m022,train,hi,E2_lo,rw,mid,1,274,0.25107999999999997
m022,train,hi,E2_lo,rw,expensive,1,165,1.39535
m022,train,hi,E2_hi,raw,cheap,1,124,0.08131
m022,train,hi,E2_hi,raw,mid,1,212,0.13789
m022,train,hi,E2_hi,raw,expensive,1,226,1.866
m022,train,hi,E2_hi,rw,cheap,1,160,0.19185
m022,train,hi,E2_hi,rw,mid,1,318,0.28331
m022,train,hi,E2_hi,rw,expensive,1,165,1.4069
m022,train,hi,D2,raw,cheap,1,225,0.10266
m022,train,hi,D2,raw,mid,1,252,0.13809
m022,train,hi,D2,raw,expensive,1,175,1.312
m022,train,hi,D2,rw,cheap,1,304,0.22149999999999997
m022,train,hi,D2,rw,mid,1,329,0.26306
m022,train,hi,D2,rw,expensive,1,366,2.56713
m022,train,hi,D1,raw,cheap,1,160,0.08017
m022,train,hi,D1,raw,mid,1,252,0.14064
m022,train,hi,D1,raw,expensive,1,165,1.286
m022,train,hi,D1,rw,cheap,1,227,0.2286
m022,train,hi,D1,rw,mid,1,260,0.26852
m022,train,hi,D1,rw,expensive,1,196,1.6904700000000001
m022,train,hi,S1_md,raw,cheap,1,156,0.08021
m022,train,hi,S1_md,raw,mid,1,251,0.14257
m022,train,hi,S1_md,raw,expensive,1,165,1.318
m022,train,hi,S1_md,rw,cheap,1,160,0.17846
m022,train,hi,S1_md,rw,mid,1,261,0.24287
m022,train,hi,S1_md,rw,expensive,1,165,1.39325
m022,train,hi,N1,raw,cheap,1,177,0.09027
m022,train,hi,N1,raw,mid,1,257,0.14644
m022,train,hi,N1,raw,expensive,1,198,1.53
m022,train,hi,N1,rw,cheap,1,180,0.19864
m022,train,hi,N1,rw,mid,1,203,0.22844
m022,train,hi,N1,rw,expensive,1,154,1.37523
m021,train,hi,base,raw,cheap,1,530,0.2352
m021,train,hi,base,raw,mid,1,786,0.40617
m021,train,hi,base,raw,expensive,1,360,2.65
m021,train,hi,base,rw,cheap,1,323,0.33668
m021,train,hi,base,rw,mid,1,764,0.57823
m021,train,hi,base,rw,expensive,1,484,3.6652
m021,train,hi,S1_lo,raw,cheap,1,281,0.14097
m021,train,hi,S1_lo,raw,mid,1,888,0.45606
m021,train,hi,S1_lo,raw,expensive,1,415,3.006
m021,train,hi,S1_lo,rw,cheap,1,242,0.32157
m021,train,hi,S1_lo,rw,mid,1,660,0.54494
m021,train,hi,S1_lo,rw,expensive,1,324,2.76149
m021,train,hi,S1_hi,raw,cheap,0,284,0.14328
m021,train,hi,S1_hi,raw,mid,1,897,0.46239
m021,train,hi,S1_hi,raw,expensive,1,588,4.072
m021,train,hi,S1_hi,rw,cheap,1,386,0.38212
m021,train,hi,S1_hi,rw,mid,1,858,0.64382
m021,train,hi,S1_hi,rw,expensive,1,336,2.85041
m021,train,hi,E2_lo,raw,cheap,1,260,0.13572
m021,train,hi,E2_lo,raw,mid,1,786,0.40992
m021,train,hi,E2_lo,raw,expensive,1,377,2.802
m021,train,hi,E2_lo,rw,cheap,1,782,0.48734999999999995
m021,train,hi,E2_lo,rw,mid,1,832,0.58418
m021,train,hi,E2_lo,rw,expensive,1,367,2.84839
m021,train,hi,E2_hi,raw,cheap,1,285,0.15536
m021,train,hi,E2_hi,raw,mid,1,832,0.44069
m021,train,hi,E2_hi,raw,expensive,1,351,2.768
m021,train,hi,E2_hi,rw,cheap,1,373,0.37677
m021,train,hi,E2_hi,rw,mid,1,1039,0.72844
m021,train,hi,E2_hi,rw,expensive,1,587,4.32821
m021,train,hi,D2,raw,cheap,1,604,0.26033
m021,train,hi,D2,raw,mid,1,864,0.43953
m021,train,hi,D2,raw,expensive,1,439,3.08
m021,train,hi,D2,rw,cheap,1,502,0.38288
m021,train,hi,D2,rw,mid,1,695,0.5239
m021,train,hi,D2,rw,expensive,1,483,3.5818
m021,train,hi,D1,raw,cheap,1,453,0.2049
m021,train,hi,D1,raw,mid,1,615,0.3249
m021,train,hi,D1,raw,expensive,1,394,2.842
m021,train,hi,D1,rw,cheap,1,214,0.29449000000000003
m021,train,hi,D1,rw,mid,1,586,0.49367
m021,train,hi,D1,rw,expensive,1,363,2.9383
m021,train,hi,S1_md,raw,cheap,1,287,0.14442
m021,train,hi,S1_md,raw,mid,1,841,0.43532
m021,train,hi,S1_md,raw,expensive,1,427,3.096
m021,train,hi,S1_md,rw,cheap,1,672,0.44509999999999994
m021,train,hi,S1_md,rw,mid,1,711,0.52686
m021,train,hi,S1_md,rw,expensive,1,367,2.8479400000000004
m021,train,hi,N1,raw,cheap,1,262,0.13726
m021,train,hi,N1,raw,mid,1,800,0.4168
m021,train,hi,N1,raw,expensive,1,406,2.98
m021,train,hi,N1,rw,cheap,1,451,0.39289
m021,train,hi,N1,rw,mid,1,735,0.57175
m021,train,hi,N1,rw,expensive,1,479,3.6516
m023,train,hi,base,raw,cheap,0,449,0.1896
m023,train,hi,base,raw,mid,1,670,0.3365
m023,train,hi,base,raw,expensive,1,316,2.184
m023,train,hi,base,rw,cheap,1,288,0.21312
m023,train,hi,base,rw,mid,1,424,0.30594
m023,train,hi,base,rw,expensive,1,281,2.04426
m023,train,hi,S1_lo,raw,cheap,1,359,0.15709
m023,train,hi,S1_lo,raw,mid,1,421,0.22232
m023,train,hi,S1_lo,raw,expensive,1,240,1.766
m023,train,hi,S1_lo,rw,cheap,0,341,0.24083
m023,train,hi,S1_lo,rw,mid,1,556,0.37517
m023,train,hi,S1_lo,rw,expensive,1,252,1.8904
m023,train,hi,S1_hi,raw,cheap,1,476,0.20194
m023,train,hi,S1_hi,raw,mid,1,579,0.29703
m023,train,hi,S1_hi,raw,expensive,1,319,2.246
m023,train,hi,S1_hi,rw,cheap,0,310,0.23070000000000002
m023,train,hi,S1_hi,rw,mid,1,516,0.35806
m023,train,hi,S1_hi,rw,expensive,1,250,1.88379
m023,train,hi,E2_lo,raw,cheap,1,217,0.10456
m023,train,hi,E2_lo,raw,mid,1,975,0.4836
m023,train,hi,E2_lo,raw,expensive,1,224,1.682
m023,train,hi,E2_lo,rw,cheap,0,347,0.24354
m023,train,hi,E2_lo,rw,mid,1,536,0.36605
m023,train,hi,E2_lo,rw,expensive,1,233,1.77483
m023,train,hi,E2_hi,raw,cheap,0,271,0.13704
m023,train,hi,E2_hi,raw,mid,1,367,0.21014
m023,train,hi,E2_hi,raw,expensive,1,341,2.548
m023,train,hi,E2_hi,rw,cheap,0,362,0.26094
m023,train,hi,E2_hi,rw,mid,1,548,0.38337
m023,train,hi,E2_hi,rw,expensive,1,251,1.89266
m023,train,hi,D2,raw,cheap,0,361,0.15317
m023,train,hi,D2,raw,mid,1,465,0.23685
m023,train,hi,D2,raw,expensive,1,241,1.69
m023,train,hi,D2,rw,cheap,0,392,0.24999000000000002
m023,train,hi,D2,rw,mid,1,498,0.33742000000000005
m023,train,hi,D2,rw,expensive,1,313,2.23296
m023,train,hi,D1,raw,cheap,1,411,0.17347
m023,train,hi,D1,raw,mid,1,584,0.29413
m023,train,hi,D1,raw,expensive,1,230,1.642
m023,train,hi,D1,rw,cheap,1,299,0.21287
m023,train,hi,D1,rw,mid,1,566,0.36763
m023,train,hi,D1,rw,expensive,1,236,1.75996
m023,train,hi,S1_md,raw,cheap,0,795,0.32134
m023,train,hi,S1_md,raw,mid,1,403,0.21176
m023,train,hi,S1_md,raw,expensive,1,338,2.326
m023,train,hi,S1_md,rw,cheap,1,421,0.26986
m023,train,hi,S1_md,rw,mid,1,469,0.3328
m023,train,hi,S1_md,rw,expensive,1,258,1.92677
m023,train,hi,N1,raw,cheap,0,392,0.17041
m023,train,hi,N1,raw,mid,1,1406,0.68467
m023,train,hi,N1,raw,expensive,1,255,1.848
m023,train,hi,N1,rw,cheap,1,285,0.22581
m023,train,hi,N1,rw,mid,1,473,0.34238
m023,train,hi,N1,rw,expensive,1,279,2.07897
m024,test,hi,base,raw,cheap,1,169,0.08931
m024,test,hi,base,raw,mid,1,240,0.14115
m024,test,hi,base,raw,expensive,1,200,1.578
m024,test,hi,base,rw,cheap,1,350,0.26928
m024,test,hi,base,rw,mid,1,493,0.37116
m024,test,hi,base,rw,expensive,1,226,1.8247499999999999
m024,test,hi,S1_lo,raw,cheap,1,211,0.10579
m024,test,hi,S1_lo,raw,mid,1,249,0.14763
m024,test,hi,S1_lo,raw,expensive,1,197,1.59
m024,test,hi,S1_lo,rw,cheap,1,363,0.27647
m024,test,hi,S1_lo,rw,mid,1,469,0.36213
m024,test,hi,S1_lo,rw,expensive,1,320,2.391
m024,test,hi,S1_hi,raw,cheap,1,413,0.18424
m024,test,hi,S1_hi,raw,mid,1,606,0.31737
m024,test,hi,S1_hi,raw,expensive,1,319,2.348
m024,test,hi,S1_hi,rw,cheap,1,388,0.28852
m024,test,hi,S1_hi,rw,mid,1,463,0.36188
m024,test,hi,S1_hi,rw,expensive,1,279,2.14942
m024,test,hi,E2_lo,raw,cheap,1,169,0.09243
m024,test,hi,E2_lo,raw,mid,0,109,0.08333
m024,test,hi,E2_lo,raw,expensive,1,203,1.646
m024,test,hi,E2_lo,rw,cheap,1,398,0.29127000000000003
m024,test,hi,E2_lo,rw,mid,1,439,0.34953
m024,test,hi,E2_lo,rw,expensive,1,213,1.7505
m024,test,hi,E2_hi,raw,cheap,1,167,0.10181
m024,test,hi,E2_hi,raw,mid,0,101,0.08872
m024,test,hi,E2_hi,raw,expensive,1,247,2.032
m024,test,hi,E2_hi,rw,cheap,1,395,0.29928
m024,test,hi,E2_hi,rw,mid,1,469,0.37278
m024,test,hi,E2_hi,rw,expensive,1,214,1.76565
m024,test,hi,D2,raw,cheap,0,82,0.05326
m024,test,hi,D2,raw,mid,0,133,0.08756
m024,test,hi,D2,raw,expensive,0,98,0.922
m024,test,hi,D2,rw,cheap,1,411,0.27583
m024,test,hi,D2,rw,mid,1,459,0.33824
m024,test,hi,D2,rw,expensive,1,233,1.80911
m024,test,hi,D1,raw,cheap,1,365,0.1582
m024,test,hi,D1,raw,mid,1,437,0.22834
m024,test,hi,D1,raw,expensive,1,304,2.13
m024,test,hi,D1,rw,cheap,1,373,0.26691
m024,test,hi,D1,rw,mid,1,417,0.32508
m024,test,hi,D1,rw,expensive,1,276,2.09959
m024,test,hi,HUMAN_A,raw,cheap,1,294,0.12433
m024,test,hi,HUMAN_A,raw,mid,1,274,0.14378
m024,test,hi,HUMAN_A,raw,expensive,1,220,1.52
m024,test,hi,HUMAN_A,rw,cheap,1,410,0.24328
m024,test,hi,HUMAN_A,rw,mid,1,527,0.33782999999999996
m024,test,hi,HUMAN_A,rw,expensive,1,368,2.52014
m024,test,hi,HUMAN_B,raw,cheap,1,199,0.0855
m024,test,hi,HUMAN_B,raw,mid,1,263,0.13576
m024,test,hi,HUMAN_B,raw,expensive,1,203,1.38
m024,test,hi,HUMAN_B,rw,cheap,1,416,0.24403999999999998
m024,test,hi,HUMAN_B,rw,mid,1,707,0.42082
m024,test,hi,HUMAN_B,rw,expensive,1,375,2.5642300000000002
m024,test,hi,S1_md,raw,cheap,1,170,0.09021
m024,test,hi,S1_md,raw,mid,1,244,0.14423
m024,test,hi,S1_md,raw,expensive,1,220,1.714
m024,test,hi,S1_md,rw,cheap,1,394,0.2872
m024,test,hi,S1_md,rw,mid,1,467,0.36014
m024,test,hi,S1_md,rw,expensive,1,279,2.14395
m024,test,hi,N1,raw,cheap,1,170,0.09385
m024,test,hi,N1,raw,mid,1,277,0.16319
m024,test,hi,N1,raw,expensive,1,212,1.712
m024,test,hi,N1,rw,cheap,1,388,0.28464
m024,test,hi,N1,rw,mid,1,489,0.37021000000000004
m024,test,hi,N1,rw,expensive,1,337,2.4805800000000002
m025,train,lo,base,raw,cheap,1,154,0.0723
m025,train,lo,base,raw,mid,1,293,0.15361
m025,train,lo,base,raw,expensive,1,250,1.712
m025,train,lo,base,rw,cheap,1,250,0.17824
m025,train,lo,base,rw,mid,1,357,0.25325
m025,train,lo,base,rw,expensive,1,219,1.60481
m025,train,lo,S1_lo,raw,cheap,1,156,0.07319
m025,train,lo,S1_lo,raw,mid,0,309,0.16188
m025,train,lo,S1_lo,raw,expensive,1,221,1.548
m025,train,lo,S1_lo,rw,cheap,0,150,0.14193
m025,train,lo,S1_lo,rw,mid,0,215,0.1885
m025,train,lo,S1_lo,rw,expensive,0,196,1.4725
m025,train,lo,S1_hi,raw,cheap,1,203,0.09118
m025,train,lo,S1_hi,raw,mid,1,602,0.29989
m025,train,lo,S1_hi,raw,expensive,1,289,1.96
m025,train,lo,S1_hi,rw,cheap,0,264,0.18508000000000002
m025,train,lo,S1_hi,rw,mid,0,438,0.29299
m025,train,lo,S1_hi,rw,expensive,0,250,1.79433
m025,train,lo,E2_lo,raw,cheap,0,150,0.07533
m025,train,lo,E2_lo,raw,mid,0,339,0.17943
m025,train,lo,E2_lo,raw,expensive,1,263,1.846
m025,train,lo,E2_lo,rw,cheap,0,173,0.16011999999999998
m025,train,lo,E2_lo,rw,mid,0,390,0.2804
m025,train,lo,E2_lo,rw,expensive,0,292,2.07665
m025,train,lo,E2_hi,raw,cheap,1,161,0.08822
m025,train,lo,E2_hi,raw,mid,1,276,0.15852
m025,train,lo,E2_hi,raw,expensive,1,266,1.98
m025,train,lo,E2_hi,rw,cheap,1,171,0.15811999999999998
m025,train,lo,E2_hi,rw,mid,1,367,0.26775
m025,train,lo,E2_hi,rw,expensive,1,226,1.6473600000000002
m025,train,lo,D2,raw,cheap,1,170,0.07539
m025,train,lo,D2,raw,mid,1,404,0.20248
m025,train,lo,D2,raw,expensive,1,261,1.734
m025,train,lo,D2,rw,cheap,1,168,0.13045
m025,train,lo,D2,rw,mid,1,321,0.21939
m025,train,lo,D2,rw,expensive,1,309,2.08717
m025,train,lo,D1,raw,cheap,1,155,0.07216
m025,train,lo,D1,raw,mid,1,373,0.19061
m025,train,lo,D1,raw,expensive,1,249,1.698
m025,train,lo,D1,rw,cheap,1,173,0.15425
m025,train,lo,D1,rw,mid,1,279,0.22219
m025,train,lo,D1,rw,expensive,1,272,1.9469100000000001
m025,train,lo,S1_md,raw,cheap,1,155,0.07255
m025,train,lo,S1_md,raw,mid,1,331,0.17147
m025,train,lo,S1_md,raw,expensive,1,257,1.754
m025,train,lo,S1_md,rw,cheap,0,158,0.15022000000000002
m025,train,lo,S1_md,rw,mid,0,369,0.26633
m025,train,lo,S1_md,rw,expensive,0,232,1.7124499999999998
m025,train,lo,N1,raw,cheap,0,322,0.13848
m025,train,lo,N1,raw,mid,1,543,0.27336
m025,train,lo,N1,raw,expensive,0,244,1.706
m025,train,lo,N1,rw,cheap,0,152,0.15598
m025,train,lo,N1,rw,mid,0,233,0.21024
m025,train,lo,N1,rw,expensive,0,231,1.7309299999999999
m026,train,lo,base,raw,cheap,1,264,0.11501
m026,train,lo,base,raw,mid,1,267,0.14274
m026,train,lo,base,raw,expensive,1,227,1.592
m026,train,lo,base,rw,cheap,1,255,0.18363000000000002
m026,train,lo,base,rw,mid,1,289,0.22512
m026,train,lo,base,rw,expensive,1,256,1.8380400000000001
m026,train,lo,S1_lo,raw,cheap,1,293,0.12603
m026,train,lo,S1_lo,raw,mid,1,354,0.18393
m026,train,lo,S1_lo,raw,expensive,1,242,1.686
m026,train,lo,S1_lo,rw,cheap,1,269,0.18912
m026,train,lo,S1_lo,rw,mid,1,276,0.21931
m026,train,lo,S1_lo,rw,expensive,1,231,1.6883400000000002
m026,train,lo,S1_hi,raw,cheap,0,306,0.13214
m026,train,lo,S1_hi,raw,mid,1,368,0.19261
m026,train,lo,S1_hi,raw,expensive,1,257,1.804
m026,train,lo,S1_hi,rw,cheap,1,286,0.19874999999999998
m026,train,lo,S1_hi,rw,mid,1,300,0.23393
m026,train,lo,S1_hi,rw,expensive,1,241,1.75538
m026,train,lo,E2_lo,raw,cheap,1,283,0.12678
m026,train,lo,E2_lo,raw,mid,1,259,0.14318
m026,train,lo,E2_lo,raw,expensive,1,229,1.66
m026,train,lo,E2_lo,rw,cheap,1,292,0.20189000000000001
m026,train,lo,E2_lo,rw,mid,1,276,0.22321
m026,train,lo,E2_lo,rw,expensive,1,239,1.74024
m026,train,lo,E2_hi,raw,cheap,1,124,0.07832
m026,train,lo,E2_hi,raw,mid,1,257,0.15454
m026,train,lo,E2_hi,raw,expensive,1,239,1.884
m026,train,lo,E2_hi,rw,cheap,1,293,0.21456999999999998
m026,train,lo,E2_hi,rw,mid,1,281,0.23786000000000002
m026,train,lo,E2_hi,rw,expensive,1,256,1.85454
m026,train,lo,D2,raw,cheap,1,272,0.11506
m026,train,lo,D2,raw,mid,1,243,0.12816
m026,train,lo,D2,raw,expensive,1,205,1.416
m026,train,lo,D2,rw,cheap,1,318,0.20067000000000002
m026,train,lo,D2,rw,mid,1,395,0.26792000000000005
m026,train,lo,D2,rw,expensive,1,218,1.59192
m026,train,lo,D1,raw,cheap,1,243,0.1056
m026,train,lo,D1,raw,mid,1,281,0.14767
m026,train,lo,D1,raw,expensive,1,235,1.618
m026,train,lo,D1,rw,cheap,1,257,0.17734
m026,train,lo,D1,rw,mid,1,246,0.19768
m026,train,lo,D1,rw,expensive,1,235,1.68816
m026,train,lo,S1_md,raw,cheap,1,246,0.10869
m026,train,lo,S1_md,raw,mid,1,294,0.15663
m026,train,lo,S1_md,raw,expensive,1,230,1.626
m026,train,lo,S1_md,rw,cheap,1,289,0.19774999999999998
m026,train,lo,S1_md,rw,mid,1,259,0.21222
m026,train,lo,S1_md,rw,expensive,1,256,1.83924
m026,train,lo,N1,raw,cheap,1,337,0.14522
m026,train,lo,N1,raw,mid,1,341,0.18037
m026,train,lo,N1,raw,expensive,1,320,2.188
m026,train,lo,N1,rw,cheap,1,296,0.20206000000000002
m026,train,lo,N1,rw,mid,1,281,0.22421000000000002
m026,train,lo,N1,rw,expensive,1,235,1.7148899999999998
m028,test,hi,base,raw,cheap,1,420,0.18794
m028,test,hi,base,raw,mid,1,600,0.3147
m028,test,hi,base,raw,expensive,1,376,2.692
m028,test,hi,base,rw,cheap,1,509,0.31479999999999997
m028,test,hi,base,rw,mid,1,711,0.45875
m028,test,hi,base,rw,expensive,1,422,2.92853
m028,test,hi,S1_lo,raw,cheap,0,173,0.09473
m028,test,hi,S1_lo,raw,mid,1,558,0.29661
m028,test,hi,S1_lo,raw,expensive,1,376,2.714
m028,test,hi,S1_lo,rw,cheap,1,511,0.31721
m028,test,hi,S1_lo,rw,mid,1,654,0.43361
m028,test,hi,S1_lo,rw,expensive,1,441,3.04418
m028,test,hi,S1_hi,raw,cheap,0,162,0.09107
m028,test,hi,S1_hi,raw,mid,0,123,0.09171
m028,test,hi,S1_hi,raw,expensive,1,366,2.648
m028,test,hi,S1_hi,rw,cheap,1,378,0.2609
m028,test,hi,S1_hi,rw,mid,1,815,0.50387
m028,test,hi,S1_hi,rw,expensive,1,449,3.07197
m028,test,hi,E2_lo,raw,cheap,1,428,0.1941
m028,test,hi,E2_lo,raw,mid,1,625,0.3302
m028,test,hi,E2_lo,raw,expensive,1,405,2.916
m028,test,hi,E2_lo,rw,cheap,1,489,0.31095
m028,test,hi,E2_lo,rw,mid,1,711,0.46249999999999997
m028,test,hi,E2_lo,rw,expensive,1,403,2.81828
m028,test,hi,E2_hi,raw,cheap,1,431,0.20538
m028,test,hi,E2_hi,raw,mid,1,592,0.32384
m028,test,hi,E2_hi,raw,expensive,1,425,3.158
m028,test,hi,E2_hi,rw,cheap,1,340,0.26017
m028,test,hi,E2_hi,rw,mid,1,731,0.47857
m028,test,hi,E2_hi,rw,expensive,1,362,2.5715500000000002
m028,test,hi,D2,raw,cheap,0,85,0.05765
m028,test,hi,D2,raw,mid,0,102,0.07734
m028,test,hi,D2,raw,expensive,0,102,1.004
m028,test,hi,D2,rw,cheap,1,629,0.34377
m028,test,hi,D2,rw,mid,1,832,0.49868
m028,test,hi,D2,rw,expensive,1,396,2.71489
m028,test,hi,D1,raw,cheap,1,546,0.22529
m028,test,hi,D1,raw,mid,1,727,0.36269
m028,test,hi,D1,raw,expensive,1,374,2.524
m028,test,hi,D1,rw,cheap,1,379,0.28558
m028,test,hi,D1,rw,mid,1,619,0.43728999999999996
m028,test,hi,D1,rw,expensive,1,528,3.68621
m028,test,hi,HUMAN_A,raw,cheap,1,362,0.14991
m028,test,hi,HUMAN_A,raw,mid,1,707,0.34819
m028,test,hi,HUMAN_A,raw,expensive,1,355,2.342
m028,test,hi,HUMAN_A,rw,cheap,0,423,0.31674
m028,test,hi,HUMAN_A,rw,mid,1,909,0.5889500000000001
m028,test,hi,HUMAN_A,rw,expensive,1,596,4.1706199999999995
m028,test,hi,HUMAN_B,raw,cheap,1,390,0.15938
m028,test,hi,HUMAN_B,raw,mid,1,615,0.3033
m028,test,hi,HUMAN_B,raw,expensive,1,452,2.902
m028,test,hi,HUMAN_B,rw,cheap,1,478,0.33818
m028,test,hi,HUMAN_B,rw,mid,1,796,0.5360499999999999
m028,test,hi,HUMAN_B,rw,expensive,1,496,3.5763800000000003
m028,test,hi,S1_md,raw,cheap,0,108,0.07055
m028,test,hi,S1_md,raw,mid,1,566,0.30127
m028,test,hi,S1_md,raw,expensive,1,400,2.87
m028,test,hi,S1_md,rw,cheap,1,646,0.36821000000000004
m028,test,hi,S1_md,rw,mid,1,727,0.46758
m028,test,hi,S1_md,rw,expensive,1,386,2.71014
m028,test,hi,N1,raw,cheap,1,564,0.23538
m028,test,hi,N1,raw,mid,1,722,0.36379
m028,test,hi,N1,raw,expensive,1,421,2.852
m028,test,hi,N1,rw,cheap,1,626,0.34968
m028,test,hi,N1,rw,mid,1,688,0.43845
m028,test,hi,N1,rw,expensive,1,402,2.79534
m029,train,hi,base,raw,cheap,1,603,0.25228
m029,train,hi,base,raw,mid,1,411,0.22137
m029,train,hi,base,raw,expensive,1,280,2.056
m029,train,hi,base,rw,cheap,1,591,0.36502
m029,train,hi,base,rw,mid,1,412,0.33914
m029,train,hi,base,rw,expensive,1,267,2.0953
m029,train,hi,S1_lo,raw,cheap,1,345,0.15411
m029,train,hi,S1_lo,raw,mid,1,384,0.20823
m029,train,hi,S1_lo,raw,expensive,1,280,2.05
m029,train,hi,S1_lo,rw,cheap,1,324,0.34750000000000003
m029,train,hi,S1_lo,rw,mid,1,366,0.40387
m029,train,hi,S1_lo,rw,expensive,1,275,2.4886500000000003
m029,train,hi,S1_hi,raw,cheap,1,231,0.11157
m029,train,hi,S1_hi,raw,mid,1,589,0.30653
m029,train,hi,S1_hi,raw,expensive,1,273,2.034
m029,train,hi,S1_hi,rw,cheap,1,429,0.30736
m029,train,hi,S1_hi,rw,mid,1,389,0.33231
m029,train,hi,S1_hi,rw,expensive,1,275,2.15468
m029,train,hi,E2_lo,raw,cheap,1,377,0.16952
m029,train,hi,E2_lo,raw,mid,1,390,0.21525
m029,train,hi,E2_lo,raw,expensive,1,305,2.256
m029,train,hi,E2_lo,rw,cheap,1,593,0.36953
m029,train,hi,E2_lo,rw,mid,1,389,0.33208
m029,train,hi,E2_lo,rw,expensive,1,258,2.04505
m029,train,hi,E2_hi,raw,cheap,1,427,0.19866
m029,train,hi,E2_hi,raw,mid,1,390,0.2244
m029,train,hi,E2_hi,raw,expensive,1,262,2.12
m029,train,hi,E2_hi,rw,cheap,1,603,0.38248000000000004
m029,train,hi,E2_hi,rw,mid,1,414,0.35298
m029,train,hi,E2_hi,rw,expensive,1,283,2.2041999999999997
m029,train,hi,D2,raw,cheap,1,588,0.24359
m029,train,hi,D2,raw,mid,1,338,0.18376
m029,train,hi,D2,raw,expensive,1,293,2.09
m029,train,hi,D2,rw,cheap,1,631,0.37319
m029,train,hi,D2,rw,mid,1,438,0.34434
m029,train,hi,D2,rw,expensive,1,310,2.3351800000000003
m029,train,hi,D1,raw,cheap,1,591,0.24772
m029,train,hi,D1,raw,mid,1,391,0.21197
m029,train,hi,D1,raw,expensive,1,258,1.924
m029,train,hi,D1,rw,cheap,1,602,0.36920000000000003
m029,train,hi,D1,rw,mid,1,417,0.34149
m029,train,hi,D1,rw,expensive,1,258,2.0413
m029,train,hi,S1_md,raw,cheap,1,353,0.15754
m029,train,hi,S1_md,raw,mid,1,428,0.23026
m029,train,hi,S1_md,raw,expensive,1,319,2.302
m029,train,hi,S1_md,rw,cheap,1,563,0.36162
m029,train,hi,S1_md,rw,mid,1,414,0.3478
m029,train,hi,S1_md,rw,expensive,1,296,2.29737
m029,train,hi,N1,raw,cheap,1,603,0.25488
m029,train,hi,N1,raw,mid,1,399,0.21903
m029,train,hi,N1,raw,expensive,1,289,2.154
m029,train,hi,N1,rw,cheap,1,298,0.27558000000000005
m029,train,hi,N1,rw,mid,1,468,0.38798
m029,train,hi,N1,rw,expensive,1,310,2.43317
m027,test,hi,base,raw,cheap,1,482,0.20552
m027,test,hi,base,raw,mid,1,531,0.27372
m027,test,hi,base,raw,expensive,1,473,3.16
m027,test,hi,base,rw,cheap,1,576,0.33674
m027,test,hi,base,rw,mid,1,657,0.42854
m027,test,hi,base,rw,expensive,1,446,3.0788
m027,test,hi,S1_lo,raw,cheap,0,1021,0.41073
m027,test,hi,S1_lo,raw,mid,1,2425,1.1654
m027,test,hi,S1_lo,raw,expensive,0,577,3.804
m027,test,hi,S1_lo,rw,cheap,0,8192,3.23438
m027,test,hi,S1_lo,rw,mid,0,7379,3.59124
m027,test,hi,S1_lo,rw,expensive,0,3475,21.26171
m027,test,hi,S1_hi,raw,cheap,1,489,0.20974
m027,test,hi,S1_hi,raw,mid,0,720,0.36675
m027,test,hi,S1_hi,raw,expensive,1,495,3.348
m027,test,hi,S1_hi,rw,cheap,0,480,0.31158
m027,test,hi,S1_hi,rw,mid,0,2178,1.15443
m027,test,hi,S1_hi,rw,expensive,0,472,3.2661700000000002
m027,test,hi,E2_lo,raw,cheap,1,505,0.21738
m027,test,hi,E2_lo,raw,mid,1,956,0.47722
m027,test,hi,E2_lo,raw,expensive,1,501,3.378
m027,test,hi,E2_lo,rw,cheap,1,550,0.3304
m027,test,hi,E2_lo,rw,mid,1,1747,0.94397
m027,test,hi,E2_lo,rw,expensive,1,431,2.9900800000000003
m027,test,hi,E2_hi,raw,cheap,1,598,0.26286
m027,test,hi,E2_hi,raw,mid,1,940,0.47885
m027,test,hi,E2_hi,raw,expensive,1,428,3.062
m027,test,hi,E2_hi,rw,cheap,1,379,0.27684
m027,test,hi,E2_hi,rw,mid,1,918,0.56597
m027,test,hi,E2_hi,rw,expensive,1,494,3.38711
m027,test,hi,D2,raw,cheap,1,525,0.21887
m027,test,hi,D2,raw,mid,1,550,0.27935
m027,test,hi,D2,raw,expensive,1,421,2.804
m027,test,hi,D2,rw,cheap,1,623,0.34676
m027,test,hi,D2,rw,mid,1,703,0.44189999999999996
m027,test,hi,D2,rw,expensive,1,519,3.49374
m027,test,hi,D1,raw,cheap,1,469,0.1998
m027,test,hi,D1,raw,mid,1,579,0.29538
m027,test,hi,D1,raw,expensive,1,462,3.082
m027,test,hi,D1,rw,cheap,1,507,0.32295
m027,test,hi,D1,rw,mid,1,635,0.43094
m027,test,hi,D1,rw,expensive,1,517,3.55824
m027,test,hi,HUMAN_A,raw,cheap,1,385,0.15995
m027,test,hi,HUMAN_A,raw,mid,1,576,0.28617
m027,test,hi,HUMAN_A,raw,expensive,1,401,2.612
m027,test,hi,HUMAN_A,rw,cheap,1,415,0.26127999999999996
m027,test,hi,HUMAN_A,rw,mid,1,748,0.45765
m027,test,hi,HUMAN_A,rw,expensive,1,461,3.14034
m027,test,hi,HUMAN_B,raw,cheap,0,265,0.1111
m027,test,hi,HUMAN_B,raw,mid,1,576,0.28272
m027,test,hi,HUMAN_B,raw,expensive,0,363,2.338
m027,test,hi,HUMAN_B,rw,cheap,1,416,0.26541000000000003
m027,test,hi,HUMAN_B,rw,mid,1,786,0.4795
m027,test,hi,HUMAN_B,rw,expensive,1,589,3.9345299999999996
m027,test,hi,S1_md,raw,cheap,1,441,0.19059
m027,test,hi,S1_md,raw,mid,1,755,0.38125
m027,test,hi,S1_md,raw,expensive,1,480,3.232
m027,test,hi,S1_md,rw,cheap,0,620,0.36304000000000003
m027,test,hi,S1_md,rw,mid,1,635,0.42789
m027,test,hi,S1_md,rw,expensive,1,435,3.04469
m027,test,hi,N1,raw,cheap,0,497,0.21382
m027,test,hi,N1,raw,mid,1,791,0.39877
m027,test,hi,N1,raw,expensive,0,378,2.628
m027,test,hi,N1,rw,cheap,1,532,0.3368
m027,test,hi,N1,rw,mid,1,871,0.54623
m027,test,hi,N1,rw,expensive,1,430,3.04246
m035,test,hi,base,raw,cheap,1,333,0.14409
m035,test,hi,base,raw,mid,1,309,0.16488
m035,test,hi,base,raw,expensive,1,244,1.726
m035,test,hi,base,rw,cheap,1,258,0.19635
m035,test,hi,base,rw,mid,1,232,0.20940999999999999
m035,test,hi,base,rw,expensive,1,232,1.73102
m035,test,hi,S1_lo,raw,cheap,1,273,0.12155
m035,test,hi,S1_lo,raw,mid,1,302,0.16234
m035,test,hi,S1_lo,raw,expensive,1,246,1.748
m035,test,hi,S1_lo,rw,cheap,1,153,0.1572
m035,test,hi,S1_lo,rw,mid,1,218,0.20357999999999998
m035,test,hi,S1_lo,rw,expensive,1,232,1.7317699999999998
m035,test,hi,S1_md,raw,cheap,1,237,0.10852
m035,test,hi,S1_md,raw,mid,1,307,0.16634
m035,test,hi,S1_md,raw,expensive,1,222,1.626
m035,test,hi,S1_md,rw,cheap,1,260,0.19951
m035,test,hi,S1_md,rw,mid,1,199,0.19629999999999997
m035,test,hi,S1_md,rw,expensive,1,232,1.73342
m035,test,hi,S1_hi,raw,cheap,1,249,0.11373
m035,test,hi,S1_hi,raw,mid,1,306,0.16722
m035,test,hi,S1_hi,raw,expensive,1,219,1.626
m035,test,hi,S1_hi,rw,cheap,1,265,0.20263
m035,test,hi,S1_hi,rw,mid,1,227,0.21081
m035,test,hi,S1_hi,rw,expensive,1,216,1.63877
m035,test,hi,E2_lo,raw,cheap,1,347,0.155
m035,test,hi,E2_lo,raw,mid,1,220,0.128
m035,test,hi,E2_lo,raw,expensive,1,241,1.774
m035,test,hi,E2_lo,rw,cheap,1,303,0.2256
m035,test,hi,E2_lo,rw,mid,1,213,0.21287
m035,test,hi,E2_lo,rw,expensive,1,735,4.78361
m035,test,hi,E2_hi,raw,cheap,0,112,0.07662
m035,test,hi,E2_hi,raw,mid,1,224,0.14143
m035,test,hi,E2_hi,raw,expensive,1,203,1.7
m035,test,hi,E2_hi,rw,cheap,1,311,0.23419
m035,test,hi,E2_hi,rw,mid,1,227,0.2248
m035,test,hi,E2_hi,rw,expensive,1,251,1.86646
m035,test,hi,D2,raw,cheap,1,238,0.105
m035,test,hi,D2,raw,mid,1,244,0.13103
m035,test,hi,D2,raw,expensive,1,206,1.454
m035,test,hi,D2,rw,cheap,1,284,0.19873
m035,test,hi,D2,rw,mid,1,345,0.25488
m035,test,hi,D2,rw,expensive,1,249,1.81243
m035,test,hi,D1,raw,cheap,1,271,0.11897
m035,test,hi,D1,raw,mid,1,299,0.15868
m035,test,hi,D1,raw,expensive,1,215,1.532
m035,test,hi,D1,rw,cheap,1,322,0.21171
m035,test,hi,D1,rw,mid,1,271,0.2188
m035,test,hi,D1,rw,expensive,1,152,1.2198799999999999
m035,test,hi,N1,raw,cheap,1,325,0.14313
m035,test,hi,N1,raw,mid,1,264,0.14583
m035,test,hi,N1,raw,expensive,1,270,1.91
m035,test,hi,N1,rw,cheap,1,160,0.17154
m035,test,hi,N1,rw,mid,1,241,0.22628
m035,test,hi,N1,rw,expensive,1,153,1.30111
m035,test,hi,HUMAN_A,raw,cheap,1,126,0.05971
m035,test,hi,HUMAN_A,raw,mid,1,258,0.13566
m035,test,hi,HUMAN_A,raw,expensive,1,145,1.062
m035,test,hi,HUMAN_A,rw,cheap,1,278,0.18785000000000002
m035,test,hi,HUMAN_A,rw,mid,1,333,0.24109
m035,test,hi,HUMAN_A,rw,expensive,1,259,1.84578
m035,test,hi,HUMAN_B,raw,cheap,1,120,0.05366
m035,test,hi,HUMAN_B,raw,mid,1,190,0.09935
m035,test,hi,HUMAN_B,raw,expensive,1,135,0.944
m035,test,hi,HUMAN_B,rw,cheap,1,252,0.16869
m035,test,hi,HUMAN_B,rw,mid,1,302,0.21721000000000001
m035,test,hi,HUMAN_B,rw,expensive,1,245,1.73767
m034,test,hi,base,raw,cheap,1,335,0.14628
m034,test,hi,base,raw,mid,1,309,0.16818
m034,test,hi,base,raw,expensive,1,234,1.71
m034,test,hi,base,rw,cheap,1,179,0.17826999999999998
m034,test,hi,base,rw,mid,1,342,0.27495
m034,test,hi,base,rw,expensive,1,207,1.6263100000000001
m034,test,hi,S1_lo,raw,cheap,1,191,0.0926
m034,test,hi,S1_lo,raw,mid,1,299,0.16408
m034,test,hi,S1_lo,raw,expensive,1,243,1.772
m034,test,hi,S1_lo,rw,cheap,1,409,0.26092
m034,test,hi,S1_lo,rw,mid,1,359,0.27734
m034,test,hi,S1_lo,rw,expensive,1,235,1.7702099999999998
m034,test,hi,S1_md,raw,cheap,1,246,0.11376
m034,test,hi,S1_md,raw,mid,1,274,0.15383
m034,test,hi,S1_md,raw,expensive,1,269,1.948
m034,test,hi,S1_md,rw,cheap,1,293,0.23222
m034,test,hi,S1_md,rw,mid,1,398,0.31205
m034,test,hi,S1_md,rw,expensive,1,233,1.8189899999999999
m034,test,hi,S1_hi,raw,cheap,1,274,0.1257
m034,test,hi,S1_hi,raw,mid,1,337,0.18494
m034,test,hi,S1_hi,raw,expensive,1,260,1.914
m034,test,hi,S1_hi,rw,cheap,1,317,0.23924
m034,test,hi,S1_hi,rw,mid,1,344,0.28445
m034,test,hi,S1_hi,rw,expensive,1,245,1.87767
m034,test,hi,E2_lo,raw,cheap,1,308,0.14161
m034,test,hi,E2_lo,raw,mid,1,378,0.20556
m034,test,hi,E2_lo,raw,expensive,1,245,1.842
m034,test,hi,E2_lo,rw,cheap,1,274,0.21045
m034,test,hi,E2_lo,rw,mid,1,319,0.25979
m034,test,hi,E2_lo,rw,expensive,1,241,1.7982099999999999
m034,test,hi,E2_hi,raw,cheap,1,273,0.1378
m034,test,hi,E2_hi,raw,mid,1,350,0.2035
m034,test,hi,E2_hi,raw,expensive,1,246,1.996
m034,test,hi,E2_hi,rw,cheap,1,335,0.25793
m034,test,hi,E2_hi,rw,mid,1,331,0.29017000000000004
m034,test,hi,E2_hi,rw,expensive,1,230,1.79765
m034,test,hi,D2,raw,cheap,1,213,0.09693
m034,test,hi,D2,raw,mid,1,264,0.14373
m034,test,hi,D2,raw,expensive,1,203,1.48
m034,test,hi,D2,rw,cheap,1,378,0.23752
m034,test,hi,D2,rw,mid,1,392,0.28151
m034,test,hi,D2,rw,expensive,1,277,1.98867
m034,test,hi,D1,raw,cheap,1,317,0.13814
m034,test,hi,D1,raw,mid,1,368,0.19261
m034,test,hi,D1,raw,expensive,1,219,1.576
m034,test,hi,D1,rw,cheap,1,270,0.20224
m034,test,hi,D1,rw,mid,1,374,0.27739
m034,test,hi,D1,rw,expensive,1,219,1.65796
m034,test,hi,N1,raw,cheap,1,413,0.17904
m034,test,hi,N1,raw,mid,1,561,0.29007
m034,test,hi,N1,raw,expensive,1,266,1.948
m034,test,hi,N1,rw,cheap,1,222,0.21019
m034,test,hi,N1,rw,mid,1,358,0.29832000000000003
m034,test,hi,N1,rw,expensive,1,249,1.93116
m034,test,hi,HUMAN_A,raw,cheap,1,223,0.09475
m034,test,hi,HUMAN_A,raw,mid,1,226,0.11897
m034,test,hi,HUMAN_A,raw,expensive,1,186,1.286
m034,test,hi,HUMAN_A,rw,cheap,1,336,0.21273
m034,test,hi,HUMAN_A,rw,mid,1,382,0.26805
m034,test,hi,HUMAN_A,rw,expensive,1,255,1.84236
m034,test,hi,HUMAN_B,raw,cheap,1,137,0.05973
m034,test,hi,HUMAN_B,raw,mid,1,208,0.10721
m034,test,hi,HUMAN_B,raw,expensive,1,186,1.242
m034,test,hi,HUMAN_B,rw,cheap,1,322,0.19289
m034,test,hi,HUMAN_B,rw,mid,1,459,0.28854
m034,test,hi,HUMAN_B,rw,expensive,1,290,1.99966
m031,test,hi,base,raw,cheap,1,346,0.15189
m031,test,hi,base,raw,mid,1,450,0.23385
m031,test,hi,base,raw,expensive,1,310,2.158
m031,test,hi,base,rw,cheap,1,262,0.20798
m031,test,hi,base,rw,mid,1,447,0.32122
m031,test,hi,base,rw,expensive,1,315,2.26383
m031,test,hi,S1_lo,raw,cheap,1,348,0.15369
m031,test,hi,S1_lo,raw,mid,1,325,0.17645
m031,test,hi,S1_lo,raw,expensive,1,277,1.978
m031,test,hi,S1_lo,rw,cheap,1,264,0.21554
m031,test,hi,S1_lo,rw,mid,1,439,0.32377
m031,test,hi,S1_lo,rw,expensive,1,271,2.02094
m031,test,hi,S1_md,raw,cheap,0,306,0.13799
m031,test,hi,S1_md,raw,mid,1,307,0.16934
m031,test,hi,S1_md,raw,expensive,1,327,2.296
m031,test,hi,S1_md,rw,cheap,1,259,0.21494
m031,test,hi,S1_md,rw,mid,1,480,0.34501
m031,test,hi,S1_md,rw,expensive,1,329,2.37276
m031,test,hi,S1_hi,raw,cheap,1,235,0.1114
m031,test,hi,S1_hi,raw,mid,1,282,0.15819
m031,test,hi,S1_hi,raw,expensive,1,327,2.304
m031,test,hi,S1_hi,rw,cheap,1,353,0.25337
m031,test,hi,S1_hi,rw,mid,1,421,0.31911999999999996
m031,test,hi,S1_hi,rw,expensive,1,274,2.0483
m031,test,hi,E2_lo,raw,cheap,1,349,0.15615
m031,test,hi,E2_lo,raw,mid,1,294,0.16428
m031,test,hi,E2_lo,raw,expensive,1,318,2.256
m031,test,hi,E2_lo,rw,cheap,1,264,0.2194
m031,test,hi,E2_lo,rw,mid,1,446,0.3307
m031,test,hi,E2_lo,rw,expensive,1,294,2.16628
m031,test,hi,E2_hi,raw,cheap,1,214,0.11681
m031,test,hi,E2_hi,raw,mid,1,268,0.16436
m031,test,hi,E2_hi,raw,expensive,1,287,2.234
m031,test,hi,E2_hi,rw,cheap,1,349,0.264
m031,test,hi,E2_hi,rw,mid,1,453,0.34629
m031,test,hi,E2_hi,rw,expensive,1,328,2.38258
m031,test,hi,D2,raw,cheap,1,255,0.11432
m031,test,hi,D2,raw,mid,1,374,0.19483
m031,test,hi,D2,raw,expensive,1,264,1.838
m031,test,hi,D2,rw,cheap,1,357,0.2353
m031,test,hi,D2,rw,mid,1,446,0.31125
m031,test,hi,D2,rw,expensive,1,310,2.20583
m031,test,hi,D1,raw,cheap,1,345,0.15034
m031,test,hi,D1,raw,mid,1,344,0.18268
m031,test,hi,D1,raw,expensive,1,327,2.242
m031,test,hi,D1,rw,cheap,1,343,0.2444
m031,test,hi,D1,rw,mid,1,401,0.30507
m031,test,hi,D1,rw,expensive,1,277,2.0616499999999998
m031,test,hi,N1,raw,cheap,1,346,0.15449
m031,test,hi,N1,raw,mid,1,436,0.23012
m031,test,hi,N1,raw,expensive,1,357,2.478
m031,test,hi,N1,rw,cheap,1,260,0.21698
m031,test,hi,N1,rw,mid,1,526,0.36739999999999995
m031,test,hi,N1,rw,expensive,1,313,2.2793799999999997
m031,test,hi,HUMAN_A,raw,cheap,1,354,0.14661
m031,test,hi,HUMAN_A,raw,mid,1,263,0.13801
m031,test,hi,HUMAN_A,raw,expensive,1,259,1.746
m031,test,hi,HUMAN_A,rw,cheap,1,358,0.22939
m031,test,hi,HUMAN_A,rw,mid,1,444,0.30504
m031,test,hi,HUMAN_A,rw,expensive,1,436,2.95471
m031,test,hi,HUMAN_B,raw,cheap,1,299,0.12376
m031,test,hi,HUMAN_B,raw,mid,1,487,0.23984
m031,test,hi,HUMAN_B,raw,expensive,1,309,2.0
m031,test,hi,HUMAN_B,rw,cheap,1,480,0.26919000000000004
m031,test,hi,HUMAN_B,rw,mid,1,408,0.27971
m031,test,hi,HUMAN_B,rw,expensive,1,347,2.3975
m032,train,hi,base,raw,cheap,1,301,0.1435
m032,train,hi,base,raw,mid,1,474,0.25503
m032,train,hi,base,raw,expensive,1,247,1.912
m032,train,hi,base,rw,cheap,1,289,0.25326
m032,train,hi,base,rw,mid,1,482,0.37299
m032,train,hi,base,rw,expensive,1,235,1.895
m032,train,hi,S1_lo,raw,cheap,1,315,0.1496
m032,train,hi,S1_lo,raw,mid,1,498,0.26766
m032,train,hi,S1_lo,raw,expensive,1,259,2.002
m032,train,hi,S1_lo,rw,cheap,1,309,0.27947999999999995
m032,train,hi,S1_lo,rw,mid,1,483,0.39279
m032,train,hi,S1_lo,rw,expensive,1,252,2.06998
m032,train,hi,S1_md,raw,cheap,1,319,0.15216
m032,train,hi,S1_md,raw,mid,1,583,0.30941
m032,train,hi,S1_md,raw,expensive,1,255,2.002
m032,train,hi,S1_md,rw,cheap,1,294,0.28825999999999996
m032,train,hi,S1_md,rw,mid,1,452,0.39366
m032,train,hi,S1_md,rw,expensive,1,293,2.37212
m032,train,hi,S1_hi,raw,cheap,1,288,0.14064
m032,train,hi,S1_hi,raw,mid,1,456,0.24987
m032,train,hi,S1_hi,raw,expensive,1,254,1.998
m032,train,hi,S1_hi,rw,cheap,1,315,0.28676
m032,train,hi,S1_hi,rw,mid,1,526,0.41742999999999997
m032,train,hi,S1_hi,rw,expensive,1,247,2.0518099999999997
m032,train,hi,E2_lo,raw,cheap,1,286,0.14339
m032,train,hi,E2_lo,raw,mid,1,418,0.23366
m032,train,hi,E2_lo,raw,expensive,1,247,1.978
m032,train,hi,E2_lo,rw,cheap,1,285,0.26256
m032,train,hi,E2_lo,rw,mid,1,418,0.35406
m032,train,hi,E2_lo,rw,expensive,1,241,1.96065
m032,train,hi,E2_hi,raw,cheap,1,284,0.1503
m032,train,hi,E2_hi,raw,mid,1,504,0.28203
m032,train,hi,E2_hi,raw,expensive,1,252,2.114
m032,train,hi,E2_hi,rw,cheap,1,290,0.27974
m032,train,hi,E2_hi,rw,mid,1,469,0.39342
m032,train,hi,E2_hi,rw,expensive,1,252,2.06424
m032,train,hi,D2,raw,cheap,1,302,0.14089
m032,train,hi,D2,raw,mid,1,473,0.25126
m032,train,hi,D2,raw,expensive,1,302,2.198
m032,train,hi,D2,rw,cheap,1,372,0.28037999999999996
m032,train,hi,D2,rw,mid,1,658,0.45179
m032,train,hi,D2,rw,expensive,1,330,2.45923
m032,train,hi,D1,raw,cheap,1,290,0.1362
m032,train,hi,D1,raw,mid,1,409,0.22133
m032,train,hi,D1,raw,expensive,1,250,1.888
m032,train,hi,D1,rw,cheap,1,318,0.26254
m032,train,hi,D1,rw,mid,1,452,0.35760000000000003
m032,train,hi,D1,rw,expensive,1,250,1.98926
m032,train,hi,N1,raw,cheap,1,286,0.13975
m032,train,hi,N1,raw,mid,1,506,0.27232
m032,train,hi,N1,raw,expensive,1,288,2.188
m032,train,hi,N1,rw,cheap,1,285,0.26779
m032,train,hi,N1,rw,mid,1,494,0.39514
m032,train,hi,N1,rw,expensive,1,278,2.21206
m030,train,hi,base,raw,cheap,1,514,0.21755
m030,train,hi,base,raw,mid,1,480,0.24945
m030,train,hi,base,raw,expensive,1,369,2.532
m030,train,hi,base,rw,cheap,1,714,0.40427
m030,train,hi,base,rw,mid,1,556,0.39627
m030,train,hi,base,rw,expensive,1,341,2.51025
m030,train,hi,S1_lo,raw,cheap,1,544,0.22869
m030,train,hi,S1_lo,raw,mid,1,529,0.27323
m030,train,hi,S1_lo,raw,expensive,1,395,2.698
m030,train,hi,S1_lo,rw,cheap,1,417,0.29289
m030,train,hi,S1_lo,rw,mid,1,626,0.43054000000000003
m030,train,hi,S1_lo,rw,expensive,1,293,2.22547
m030,train,hi,S1_md,raw,cheap,1,389,0.17122
m030,train,hi,S1_md,raw,mid,1,454,0.23978
m030,train,hi,S1_md,raw,expensive,1,351,2.458
m030,train,hi,S1_md,rw,cheap,1,516,0.31958000000000003
m030,train,hi,S1_md,rw,mid,1,652,0.43154
m030,train,hi,S1_md,rw,expensive,1,353,2.5354
m030,train,hi,S1_hi,raw,cheap,0,607,0.25471
m030,train,hi,S1_hi,raw,mid,1,653,0.33556
m030,train,hi,S1_hi,raw,expensive,1,436,2.998
m030,train,hi,S1_hi,rw,cheap,1,478,0.31292
m030,train,hi,S1_hi,rw,mid,1,3894,1.96311
m030,train,hi,S1_hi,rw,expensive,0,433,3.03988
m030,train,hi,E2_lo,raw,cheap,1,432,0.19198
m030,train,hi,E2_lo,raw,mid,1,471,0.25017
m030,train,hi,E2_lo,raw,expensive,1,354,2.508
m030,train,hi,E2_lo,rw,cheap,0,747,0.41035999999999995
m030,train,hi,E2_lo,rw,mid,1,547,0.38521000000000005
m030,train,hi,E2_lo,rw,expensive,1,349,2.51627
m030,train,hi,E2_hi,raw,cheap,1,280,0.14371
m030,train,hi,E2_hi,raw,mid,1,523,0.28571
m030,train,hi,E2_hi,raw,expensive,1,328,2.5
m030,train,hi,E2_hi,rw,cheap,1,507,0.33026
m030,train,hi,E2_hi,rw,mid,1,742,0.48795999999999995
m030,train,hi,E2_hi,rw,expensive,1,352,2.54537
m030,train,hi,D2,raw,cheap,1,450,0.19024
m030,train,hi,D2,raw,mid,1,486,0.24897
m030,train,hi,D2,raw,expensive,1,304,2.098
m030,train,hi,D2,rw,cheap,1,647,0.35931
m030,train,hi,D2,rw,mid,1,688,0.43827
m030,train,hi,D2,rw,expensive,1,367,2.59626
m030,train,hi,D1,raw,cheap,1,529,0.22156
m030,train,hi,D1,raw,mid,1,559,0.28493
m030,train,hi,D1,raw,expensive,1,342,2.348
m030,train,hi,D1,rw,cheap,1,408,0.28535
m030,train,hi,D1,rw,mid,1,568,0.39964
m030,train,hi,D1,rw,expensive,1,354,2.58413
m030,train,hi,N1,raw,cheap,1,538,0.22953
m030,train,hi,N1,raw,mid,1,668,0.34051
m030,train,hi,N1,raw,expensive,1,372,2.586
m030,train,hi,N1,rw,cheap,1,418,0.31781000000000004
m030,train,hi,N1,rw,mid,1,661,0.47187999999999997
m030,train,hi,N1,rw,expensive,1,345,2.63081
m033,train,lo,base,raw,cheap,1,346,0.15072
m033,train,lo,base,raw,mid,1,1631,0.78892
m033,train,lo,base,raw,expensive,1,367,2.5
m033,train,lo,base,rw,cheap,1,341,0.24194
m033,train,lo,base,rw,mid,1,635,0.41391999999999995
m033,train,lo,base,rw,expensive,1,429,2.9651199999999998
m033,train,lo,S1_lo,raw,cheap,1,410,0.17465
m033,train,lo,S1_lo,raw,mid,1,617,0.31264
m033,train,lo,S1_lo,raw,expensive,1,401,2.708
m033,train,lo,S1_lo,rw,cheap,1,411,0.27257
m033,train,lo,S1_lo,rw,mid,1,4258,2.1207499999999997
m033,train,lo,S1_lo,rw,expensive,1,357,2.54824
m033,train,lo,S1_md,raw,cheap,1,356,0.1553
m033,train,lo,S1_md,raw,mid,1,446,0.23302
m033,train,lo,S1_md,raw,expensive,1,365,2.502
m033,train,lo,S1_md,rw,cheap,1,336,0.24109
m033,train,lo,S1_md,rw,mid,1,1302,0.72846
m033,train,lo,S1_md,rw,expensive,1,429,2.96617
m033,train,lo,S1_hi,raw,cheap,0,297,0.13275
m033,train,lo,S1_hi,raw,mid,0,1357,0.66254
m033,train,lo,S1_hi,raw,expensive,1,401,2.736
m033,train,lo,S1_hi,rw,cheap,1,449,0.28598
m033,train,lo,S1_hi,rw,mid,1,2297,1.19808
m033,train,lo,S1_hi,rw,expensive,1,602,4.0079899999999995
m033,train,lo,E2_lo,raw,cheap,0,210,0.10216
m033,train,lo,E2_lo,raw,mid,1,570,0.294
m033,train,lo,E2_lo,raw,expensive,1,1107,6.99
m033,train,lo,E2_lo,rw,cheap,1,346,0.24758999999999998
m033,train,lo,E2_lo,rw,mid,1,2700,1.38822
m033,train,lo,E2_lo,rw,expensive,1,2399,14.78887
m033,train,lo,E2_hi,raw,cheap,0,205,0.1104
m033,train,lo,E2_hi,raw,mid,1,722,0.37459
m033,train,lo,E2_hi,raw,expensive,1,900,5.87
m033,train,lo,E2_hi,rw,cheap,1,346,0.25673999999999997
m033,train,lo,E2_hi,rw,mid,1,582,0.40191
m033,train,lo,E2_hi,rw,expensive,1,342,2.45602
m033,train,lo,D2,raw,cheap,0,266,0.11733
m033,train,lo,D2,raw,mid,1,6411,3.03222
m033,train,lo,D2,raw,expensive,1,349,2.348
m033,train,lo,D2,rw,cheap,1,400,0.25686
m033,train,lo,D2,rw,mid,1,716,0.44435
m033,train,lo,D2,rw,expensive,1,422,2.9025299999999996
m033,train,lo,D1,raw,cheap,0,399,0.17008
m033,train,lo,D1,raw,mid,0,2285,1.0954
m033,train,lo,D1,raw,expensive,0,313,2.164
m033,train,lo,D1,rw,cheap,0,354,0.24237999999999998
m033,train,lo,D1,rw,mid,0,705,0.4422
m033,train,lo,D1,rw,expensive,0,260,1.9354
m033,train,lo,N1,raw,cheap,0,531,0.22362
m033,train,lo,N1,raw,mid,1,739,0.37253
m033,train,lo,N1,raw,expensive,1,548,3.624
m033,train,lo,N1,rw,cheap,1,346,0.24669
m033,train,lo,N1,rw,mid,1,959,0.5690500000000001
m033,train,lo,N1,rw,expensive,1,793,5.15197
m036,train,lo,base,raw,cheap,1,227,0.09822
m036,train,lo,base,raw,mid,1,244,0.12908
m036,train,lo,base,raw,expensive,1,192,1.344
m036,train,lo,base,rw,cheap,1,208,0.15053
m036,train,lo,base,rw,mid,1,238,0.1859
m036,train,lo,base,rw,expensive,1,195,1.41979
m036,train,lo,S1_lo,raw,cheap,1,226,0.09784
m036,train,lo,S1_lo,raw,mid,1,243,0.12906
m036,train,lo,S1_lo,raw,expensive,1,197,1.38
m036,train,lo,S1_lo,rw,cheap,1,211,0.15284999999999999
m036,train,lo,S1_lo,rw,mid,1,267,0.2006
m036,train,lo,S1_lo,rw,expensive,1,212,1.52471
m036,train,lo,S1_md,raw,cheap,1,163,0.07416
m036,train,lo,S1_md,raw,mid,1,251,0.13267
m036,train,lo,S1_md,raw,expensive,1,198,1.384
m036,train,lo,S1_md,rw,cheap,1,224,0.15764
m036,train,lo,S1_md,rw,mid,1,244,0.18964
m036,train,lo,S1_md,rw,expensive,1,216,1.54856
m036,train,lo,S1_hi,raw,cheap,1,162,0.07456
m036,train,lo,S1_hi,raw,mid,1,275,0.1459
m036,train,lo,S1_hi,raw,expensive,1,207,1.464
m036,train,lo,S1_hi,rw,cheap,1,176,0.14075
m036,train,lo,S1_hi,rw,mid,1,242,0.19002999999999998
m036,train,lo,S1_hi,rw,expensive,1,191,1.3980400000000002
m036,train,lo,E2_lo,raw,cheap,1,165,0.07921
m036,train,lo,E2_lo,raw,mid,1,212,0.11824
m036,train,lo,E2_lo,raw,expensive,1,198,1.436
m036,train,lo,E2_lo,rw,cheap,1,223,0.16116
m036,train,lo,E2_lo,rw,mid,1,270,0.20576
m036,train,lo,E2_lo,rw,expensive,1,234,1.66046
m036,train,lo,E2_hi,raw,cheap,1,164,0.08832
m036,train,lo,E2_hi,raw,mid,1,266,0.15472
m036,train,lo,E2_hi,raw,expensive,1,211,1.662
m036,train,lo,E2_hi,rw,cheap,1,222,0.17188
m036,train,lo,E2_hi,rw,mid,1,240,0.20276
m036,train,lo,E2_hi,rw,expensive,1,242,1.71956
m036,train,lo,D2,raw,cheap,1,188,0.08041
m036,train,lo,D2,raw,mid,1,280,0.1427
m036,train,lo,D2,raw,expensive,1,217,1.45
m036,train,lo,D2,rw,cheap,1,270,0.16852
m036,train,lo,D2,rw,mid,1,275,0.19751
m036,train,lo,D2,rw,expensive,1,264,1.82061
m036,train,lo,D1,raw,cheap,1,229,0.0982
m036,train,lo,D1,raw,mid,1,263,0.13711
m036,train,lo,D1,raw,expensive,1,186,1.296
m036,train,lo,D1,rw,cheap,1,202,0.14315
m036,train,lo,D1,rw,mid,1,274,0.19757999999999998
m036,train,lo,D1,rw,expensive,1,195,1.4016000000000002
m036,train,lo,N1,raw,cheap,1,250,0.11021
m036,train,lo,N1,raw,mid,1,339,0.17688
m036,train,lo,N1,raw,expensive,1,244,1.698
m036,train,lo,N1,rw,cheap,1,250,0.19308999999999998
m036,train,lo,N1,rw,mid,1,285,0.23470000000000002
m036,train,lo,N1,rw,expensive,1,241,1.7928
m037,train,hi,base,raw,cheap,1,340,0.15182
m037,train,hi,base,raw,mid,1,267,0.15279
m037,train,hi,base,raw,expensive,1,220,1.684
m037,train,hi,base,rw,cheap,1,355,0.2711
m037,train,hi,base,rw,mid,1,290,0.27718
m037,train,hi,base,rw,expensive,1,184,1.58158
m037,train,hi,S1_lo,raw,cheap,1,272,0.12702
m037,train,hi,S1_lo,raw,mid,1,273,0.15576
m037,train,hi,S1_lo,raw,expensive,1,217,1.668
m037,train,hi,S1_lo,rw,cheap,1,392,0.28458
m037,train,hi,S1_lo,rw,mid,1,298,0.28047
m037,train,hi,S1_lo,rw,expensive,1,260,2.03526
m037,train,hi,S1_md,raw,cheap,1,393,0.17326
m037,train,hi,S1_md,raw,mid,1,235,0.13925
m037,train,hi,S1_md,raw,expensive,1,230,1.764
m037,train,hi,S1_md,rw,cheap,1,382,0.28286
m037,train,hi,S1_md,rw,mid,1,234,0.25236000000000003
m037,train,hi,S1_md,rw,expensive,1,288,2.20708
m037,train,hi,S1_hi,raw,cheap,1,344,0.15568
m037,train,hi,S1_hi,raw,mid,1,456,0.24582
m037,train,hi,S1_hi,raw,expensive,1,198,1.608
m037,train,hi,S1_hi,rw,cheap,1,418,0.29730999999999996
m037,train,hi,S1_hi,rw,mid,1,265,0.26777
m037,train,hi,S1_hi,rw,expensive,1,198,1.6623700000000001
m037,train,hi,E2_lo,raw,cheap,1,286,0.13767
m037,train,hi,E2_lo,raw,mid,1,355,0.2015
m037,train,hi,E2_lo,raw,expensive,1,163,1.44
m037,train,hi,E2_lo,rw,cheap,1,379,0.28757
m037,train,hi,E2_lo,rw,mid,1,268,0.27419
m037,train,hi,E2_lo,rw,expensive,1,281,2.17093
m037,train,hi,E2_hi,raw,cheap,1,249,0.13375
m037,train,hi,E2_hi,raw,mid,1,403,0.23321
m037,train,hi,E2_hi,raw,expensive,1,260,2.144
m037,train,hi,E2_hi,rw,cheap,0,337,0.28076
m037,train,hi,E2_hi,rw,mid,1,204,0.25326
m037,train,hi,E2_hi,rw,expensive,1,213,1.7720799999999999
m037,train,hi,D2,raw,cheap,0,345,0.15073
m037,train,hi,D2,raw,mid,1,313,0.17111
m037,train,hi,D2,raw,expensive,1,198,1.508
m037,train,hi,D2,rw,cheap,1,366,0.24305
m037,train,hi,D2,rw,mid,1,292,0.24506
m037,train,hi,D2,rw,expensive,1,261,1.92172
m037,train,hi,D1,raw,cheap,1,337,0.14639
m037,train,hi,D1,raw,mid,1,213,0.12246
m037,train,hi,D1,raw,expensive,1,219,1.612
m037,train,hi,D1,rw,cheap,1,356,0.24673
m037,train,hi,D1,rw,mid,1,213,0.21558
m037,train,hi,D1,rw,expensive,1,224,1.73512
m037,train,hi,N1,raw,cheap,1,395,0.17519
m037,train,hi,N1,raw,mid,1,385,0.2111
m037,train,hi,N1,raw,expensive,1,266,1.998
m037,train,hi,N1,rw,cheap,1,416,0.30673
m037,train,hi,N1,rw,mid,1,417,0.34964
m037,train,hi,N1,rw,expensive,1,248,2.00795
m039,train,lo,base,raw,cheap,1,178,0.08376
m039,train,lo,base,raw,mid,1,397,0.20564
m039,train,lo,base,raw,expensive,1,293,2.012
m039,train,lo,base,rw,cheap,1,171,0.16058
m039,train,lo,base,rw,mid,1,426,0.29874999999999996
m039,train,lo,base,rw,expensive,1,249,1.82748
m039,train,lo,S1_lo,raw,cheap,1,245,0.11026
m039,train,lo,S1_lo,raw,mid,1,419,0.21793
m039,train,lo,S1_lo,raw,expensive,1,256,1.816
m039,train,lo,S1_lo,rw,cheap,1,200,0.17354999999999998
m039,train,lo,S1_lo,rw,mid,1,362,0.27061999999999997
m039,train,lo,S1_lo,rw,expensive,1,226,1.69143
m039,train,lo,S1_md,raw,cheap,1,197,0.09332
m039,train,lo,S1_md,raw,mid,1,353,0.18766
m039,train,lo,S1_md,raw,expensive,1,302,2.102
m039,train,lo,S1_md,rw,cheap,1,182,0.16686
m039,train,lo,S1_md,rw,mid,1,465,0.31916
m039,train,lo,S1_md,rw,expensive,1,251,1.83971
m039,train,lo,S1_hi,raw,cheap,1,177,0.08559
m039,train,lo,S1_hi,raw,mid,1,594,0.30213
m039,train,lo,S1_hi,raw,expensive,1,203,1.524
m039,train,lo,S1_hi,rw,cheap,1,243,0.19424
m039,train,lo,S1_hi,rw,mid,1,465,0.32345999999999997
m039,train,lo,S1_hi,rw,expensive,1,268,1.95526
m039,train,lo,E2_lo,raw,cheap,1,184,0.09059
m039,train,lo,E2_lo,raw,mid,1,411,0.21642
m039,train,lo,E2_lo,raw,expensive,1,246,1.786
m039,train,lo,E2_lo,rw,cheap,1,208,0.16551
m039,train,lo,E2_lo,rw,mid,1,409,0.28132
m039,train,lo,E2_lo,rw,expensive,1,219,1.59734
m039,train,lo,E2_hi,raw,cheap,1,230,0.11678
m039,train,lo,E2_hi,raw,mid,1,383,0.21196
m039,train,lo,E2_hi,raw,expensive,1,273,2.064
m039,train,lo,E2_hi,rw,cheap,1,254,0.20502
m039,train,lo,E2_hi,rw,mid,1,352,0.27687
m039,train,lo,E2_hi,rw,expensive,1,211,1.61238
m039,train,lo,D2,raw,cheap,1,208,0.09217
m039,train,lo,D2,raw,mid,1,425,0.2155
m039,train,lo,D2,raw,expensive,1,256,1.746
m039,train,lo,D2,rw,cheap,1,238,0.17853999999999998
m039,train,lo,D2,rw,mid,1,512,0.33153
m039,train,lo,D2,rw,expensive,1,278,1.9808899999999998
m039,train,lo,D1,raw,cheap,1,204,0.09247
m039,train,lo,D1,raw,mid,1,368,0.19081
m039,train,lo,D1,raw,expensive,1,261,1.804
m039,train,lo,D1,rw,cheap,1,212,0.16883
m039,train,lo,D1,rw,mid,1,329,0.24576
m039,train,lo,D1,rw,expensive,1,215,1.59758
m039,train,lo,N1,raw,cheap,1,199,0.09369
m039,train,lo,N1,raw,mid,1,475,0.2444
m039,train,lo,N1,raw,expensive,1,288,2.01
m039,train,lo,N1,rw,cheap,1,228,0.18935
m039,train,lo,N1,rw,mid,1,364,0.27729000000000004
m039,train,lo,N1,rw,expensive,1,252,1.86981
m038,test,hi,base,raw,cheap,0,445,0.18951
m038,test,hi,base,raw,mid,1,524,0.26923
m038,test,hi,base,raw,expensive,1,322,2.238
m038,test,hi,base,rw,cheap,0,444,0.28679
m038,test,hi,base,rw,mid,1,513,0.36152
m038,test,hi,base,rw,expensive,1,316,2.3050100000000002
m038,test,hi,S1_lo,raw,cheap,0,469,0.19915
m038,test,hi,S1_lo,raw,mid,1,527,0.27124
m038,test,hi,S1_lo,raw,expensive,0,380,2.594
m038,test,hi,S1_lo,rw,cheap,1,466,0.29262
m038,test,hi,S1_lo,rw,mid,1,458,0.33317
m038,test,hi,S1_lo,rw,expensive,1,332,2.38926
m038,test,hi,S1_md,raw,cheap,1,392,0.17015
m038,test,hi,S1_md,raw,mid,1,461,0.24097
m038,test,hi,S1_md,raw,expensive,1,368,2.532
m038,test,hi,S1_md,rw,cheap,0,494,0.30628
m038,test,hi,S1_md,rw,mid,1,505,0.35849
m038,test,hi,S1_md,rw,expensive,1,266,2.0038899999999997
m038,test,hi,S1_hi,raw,cheap,1,493,0.20866
m038,test,hi,S1_hi,raw,mid,1,579,0.29763
m038,test,hi,S1_hi,raw,expensive,0,323,2.278
m038,test,hi,S1_hi,rw,cheap,1,494,0.30761
m038,test,hi,S1_hi,rw,mid,1,518,0.3658
m038,test,hi,S1_hi,rw,expensive,1,347,2.49109
m038,test,hi,E2_lo,raw,cheap,1,407,0.18066
m038,test,hi,E2_lo,raw,mid,1,433,0.23141
m038,test,hi,E2_lo,raw,expensive,1,274,2.016
m038,test,hi,E2_lo,rw,cheap,0,426,0.2855
m038,test,hi,E2_lo,rw,mid,1,480,0.35158
m038,test,hi,E2_lo,rw,expensive,1,362,2.5884300000000002
m038,test,hi,E2_hi,raw,cheap,1,440,0.20412
m038,test,hi,E2_hi,raw,mid,1,485,0.2674
m038,test,hi,E2_hi,raw,expensive,1,470,3.346
m038,test,hi,E2_hi,rw,cheap,0,492,0.31947000000000003
m038,test,hi,E2_hi,rw,mid,1,505,0.37239999999999995
m038,test,hi,E2_hi,rw,expensive,1,339,2.4520999999999997
m038,test,hi,D2,raw,cheap,0,382,0.16258
m038,test,hi,D2,raw,mid,1,499,0.25418
m038,test,hi,D2,raw,expensive,1,298,2.05
m038,test,hi,D2,rw,cheap,0,414,0.26788999999999996
m038,test,hi,D2,rw,mid,1,554,0.37315
m038,test,hi,D2,rw,expensive,1,359,2.54242
m038,test,hi,D1,raw,cheap,0,519,0.21659
m038,test,hi,D1,raw,mid,1,560,0.2854
m038,test,hi,D1,raw,expensive,1,336,2.312
m038,test,hi,D1,rw,cheap,0,408,0.26863000000000004
m038,test,hi,D1,rw,mid,1,536,0.36785999999999996
m038,test,hi,D1,rw,expensive,1,310,2.2534400000000003
m038,test,hi,N1,raw,cheap,0,424,0.184
m038,test,hi,N1,raw,mid,1,464,0.24388
m038,test,hi,N1,raw,expensive,1,276,2.0
m038,test,hi,N1,rw,cheap,0,445,0.29936
m038,test,hi,N1,rw,mid,1,513,0.37429
m038,test,hi,N1,rw,expensive,1,328,2.41938
m038,test,hi,HUMAN_A,raw,cheap,1,317,0.13515
m038,test,hi,HUMAN_A,raw,mid,1,486,0.24522
m038,test,hi,HUMAN_A,raw,expensive,1,278,1.892
m038,test,hi,HUMAN_A,rw,cheap,1,473,0.28321
m038,test,hi,HUMAN_A,rw,mid,1,668,0.42016
m038,test,hi,HUMAN_A,rw,expensive,1,376,2.62675
m038,test,hi,HUMAN_B,raw,cheap,1,304,0.12683
m038,test,hi,HUMAN_B,raw,mid,1,400,0.2012
m038,test,hi,HUMAN_B,raw,expensive,1,291,1.922
m038,test,hi,HUMAN_B,rw,cheap,1,355,0.23795
m038,test,hi,HUMAN_B,rw,mid,1,657,0.41387
m038,test,hi,HUMAN_B,rw,expensive,1,446,3.05303
m041,test,hi,base,raw,cheap,1,343,0.15881
m041,test,hi,base,raw,mid,1,496,0.26492
m041,test,hi,base,raw,expensive,1,224,1.768
m041,test,hi,base,rw,cheap,1,330,0.28605
m041,test,hi,base,rw,mid,1,501,0.39944999999999997
m041,test,hi,base,rw,expensive,1,215,1.84618
m041,test,hi,S1_lo,raw,cheap,1,246,0.12234
m041,test,hi,S1_lo,raw,mid,1,411,0.22587
m041,test,hi,S1_lo,raw,expensive,1,301,2.242
m041,test,hi,S1_lo,rw,cheap,1,210,0.22252
m041,test,hi,S1_lo,rw,mid,1,494,0.37908000000000003
m041,test,hi,S1_lo,rw,expensive,1,398,2.87345
m041,test,hi,S1_md,raw,cheap,1,196,0.10386
m041,test,hi,S1_md,raw,mid,1,442,0.24224
m041,test,hi,S1_md,raw,expensive,1,299,2.254
m041,test,hi,S1_md,rw,cheap,1,318,0.28346
m041,test,hi,S1_md,rw,mid,1,381,0.34513
m041,test,hi,S1_md,rw,expensive,1,217,1.85841
m041,test,hi,S1_hi,raw,cheap,1,185,0.1015
m041,test,hi,S1_hi,raw,mid,1,313,0.18476
m041,test,hi,S1_hi,raw,expensive,1,298,2.29
m041,test,hi,S1_hi,rw,cheap,1,334,0.29135999999999995
m041,test,hi,S1_hi,rw,mid,1,441,0.37524
m041,test,hi,S1_hi,rw,expensive,1,272,2.18662
m041,test,hi,E2_lo,raw,cheap,1,391,0.1816
m041,test,hi,E2_lo,raw,mid,1,416,0.23152
m041,test,hi,E2_lo,raw,expensive,1,218,1.788
m041,test,hi,E2_lo,rw,cheap,1,375,0.28484
m041,test,hi,E2_lo,rw,mid,1,419,0.34279
m041,test,hi,E2_lo,rw,expensive,1,276,2.12746
m041,test,hi,E2_hi,raw,cheap,1,191,0.11509
m041,test,hi,E2_hi,raw,mid,1,440,0.2539
m041,test,hi,E2_hi,raw,expensive,1,206,1.864
m041,test,hi,E2_hi,rw,cheap,1,364,0.31427
m041,test,hi,E2_hi,rw,mid,1,544,0.43496
m041,test,hi,E2_hi,rw,expensive,1,215,1.86148
m041,test,hi,D2,raw,cheap,1,163,0.08742
m041,test,hi,D2,raw,mid,1,269,0.15493
m041,test,hi,D2,raw,expensive,1,320,2.3
m041,test,hi,D2,rw,cheap,1,218,0.23315
m041,test,hi,D2,rw,mid,1,432,0.35752
m041,test,hi,D2,rw,expensive,1,425,3.07818
m041,test,hi,D1,raw,cheap,1,315,0.14674
m041,test,hi,D1,raw,mid,1,462,0.24759
m041,test,hi,D1,raw,expensive,1,215,1.696
m041,test,hi,D1,rw,cheap,1,230,0.26605999999999996
m041,test,hi,D1,rw,mid,1,562,0.44784999999999997
m041,test,hi,D1,rw,expensive,1,324,2.58281
m041,test,hi,N1,raw,cheap,1,346,0.16216
m041,test,hi,N1,raw,mid,1,678,0.35301
m041,test,hi,N1,raw,expensive,1,262,2.03
m041,test,hi,N1,rw,cheap,1,187,0.28786999999999996
m041,test,hi,N1,rw,mid,1,567,0.48882000000000003
m041,test,hi,N1,rw,expensive,1,315,2.67103
m041,test,hi,HUMAN_A,raw,cheap,1,195,0.08931
m041,test,hi,HUMAN_A,raw,mid,1,381,0.19752
m041,test,hi,HUMAN_A,raw,expensive,1,280,1.926
m041,test,hi,HUMAN_A,rw,cheap,1,409,0.26349
m041,test,hi,HUMAN_A,rw,mid,1,501,0.34704
m041,test,hi,HUMAN_A,rw,expensive,1,278,2.05522
m041,test,hi,HUMAN_B,raw,cheap,1,171,0.0759
m041,test,hi,HUMAN_B,raw,mid,1,240,0.1263
m041,test,hi,HUMAN_B,raw,expensive,1,207,1.422
m041,test,hi,HUMAN_B,rw,cheap,1,193,0.17607
m041,test,hi,HUMAN_B,rw,mid,1,533,0.35713
m041,test,hi,HUMAN_B,rw,expensive,1,236,1.79827
m040,test,hi,base,raw,cheap,1,368,0.16025
m040,test,hi,base,raw,mid,1,466,0.24272
m040,test,hi,base,raw,expensive,1,296,2.092
m040,test,hi,base,rw,cheap,1,366,0.25819
m040,test,hi,base,rw,mid,1,443,0.33061
m040,test,hi,base,rw,expensive,1,297,2.1967
m040,test,hi,S1_lo,raw,cheap,1,417,0.17939
m040,test,hi,S1_lo,raw,mid,1,446,0.23407
m040,test,hi,S1_lo,raw,expensive,1,282,2.018
m040,test,hi,S1_lo,rw,cheap,1,448,0.2895
m040,test,hi,S1_lo,rw,mid,1,449,0.33356
m040,test,hi,S1_lo,rw,expensive,1,276,2.06898
m040,test,hi,S1_md,raw,cheap,1,304,0.13645
m040,test,hi,S1_md,raw,mid,1,437,0.23014
m040,test,hi,S1_md,raw,expensive,1,292,2.082
m040,test,hi,S1_md,rw,cheap,1,437,0.28587999999999997
m040,test,hi,S1_md,rw,mid,1,411,0.316
m040,test,hi,S1_md,rw,expensive,1,264,1.99728
m040,test,hi,S1_hi,raw,cheap,1,448,0.19208
m040,test,hi,S1_hi,raw,mid,1,429,0.22743
m040,test,hi,S1_hi,raw,expensive,1,336,2.36
m040,test,hi,S1_hi,rw,cheap,1,386,0.26729
m040,test,hi,S1_hi,rw,mid,1,446,0.3335
m040,test,hi,S1_hi,rw,expensive,1,297,2.19633
m040,test,hi,E2_lo,raw,cheap,1,424,0.18712
m040,test,hi,E2_lo,raw,mid,1,354,0.19503
m040,test,hi,E2_lo,raw,expensive,1,276,2.038
m040,test,hi,E2_lo,rw,cheap,1,337,0.25212
m040,test,hi,E2_lo,rw,mid,1,419,0.32428
m040,test,hi,E2_lo,rw,expensive,1,294,2.18365
m040,test,hi,E2_hi,raw,cheap,1,274,0.14104
m040,test,hi,E2_hi,raw,mid,1,493,0.27191
m040,test,hi,E2_hi,raw,expensive,1,238,1.964
m040,test,hi,E2_hi,rw,cheap,1,372,0.27697
m040,test,hi,E2_hi,rw,mid,1,406,0.32972
m040,test,hi,E2_hi,rw,expensive,1,298,2.2192000000000003
m040,test,hi,D2,raw,cheap,1,283,0.12496
m040,test,hi,D2,raw,mid,1,394,0.20558
m040,test,hi,D2,raw,expensive,1,306,2.108
m040,test,hi,D2,rw,cheap,1,463,0.28755
m040,test,hi,D2,rw,mid,1,498,0.34882
m040,test,hi,D2,rw,expensive,1,316,2.29011
m040,test,hi,D1,raw,cheap,1,380,0.16377
m040,test,hi,D1,raw,mid,1,441,0.22992
m040,test,hi,D1,raw,expensive,1,265,1.892
m040,test,hi,D1,rw,cheap,1,337,0.25151999999999997
m040,test,hi,D1,rw,mid,1,440,0.33372999999999997
m040,test,hi,D1,rw,expensive,1,310,2.29588
m040,test,hi,N1,raw,cheap,1,446,0.19249
m040,test,hi,N1,raw,mid,1,504,0.26328
m040,test,hi,N1,raw,expensive,1,280,2.032
m040,test,hi,N1,rw,cheap,1,424,0.28293
m040,test,hi,N1,rw,mid,1,442,0.33284
m040,test,hi,N1,rw,expensive,1,297,2.1994
m040,test,hi,HUMAN_A,raw,cheap,1,309,0.1312
m040,test,hi,HUMAN_A,raw,mid,1,415,0.2111
m040,test,hi,HUMAN_A,raw,expensive,1,284,1.918
m040,test,hi,HUMAN_A,rw,cheap,1,468,0.2719
m040,test,hi,HUMAN_A,rw,mid,1,525,0.34352
m040,test,hi,HUMAN_A,rw,expensive,1,335,2.34542
m040,test,hi,HUMAN_B,raw,cheap,1,351,0.14378
m040,test,hi,HUMAN_B,raw,mid,1,389,0.19513
m040,test,hi,HUMAN_B,raw,expensive,1,262,1.736
m040,test,hi,HUMAN_B,rw,cheap,1,463,0.26372
m040,test,hi,HUMAN_B,rw,mid,1,558,0.3528
m040,test,hi,HUMAN_B,rw,expensive,1,336,2.33779
m042,train,lo,base,raw,cheap,1,321,0.13771
m042,train,lo,base,raw,mid,1,452,0.23209
m042,train,lo,base,raw,expensive,1,286,1.978
m042,train,lo,base,rw,cheap,1,328,0.22173
m042,train,lo,base,rw,mid,1,448,0.31155
m042,train,lo,base,rw,expensive,1,293,2.09949
m042,train,lo,S1_lo,raw,cheap,1,315,0.1353
m042,train,lo,S1_lo,raw,mid,1,269,0.14578
m042,train,lo,S1_lo,raw,expensive,1,261,1.824
m042,train,lo,S1_lo,rw,cheap,1,314,0.21611000000000002
m042,train,lo,S1_lo,rw,mid,1,279,0.23181999999999997
m042,train,lo,S1_lo,rw,expensive,1,281,2.02719
m042,train,lo,S1_md,raw,cheap,0,368,0.1557
m042,train,lo,S1_md,raw,mid,1,405,0.2103
m042,train,lo,S1_md,raw,expensive,1,264,1.85
m042,train,lo,S1_md,rw,cheap,1,318,0.21883
m042,train,lo,S1_md,rw,mid,1,432,0.30495
m042,train,lo,S1_md,rw,expensive,1,287,2.0662599999999998
m042,train,lo,S1_hi,raw,cheap,1,322,0.13848
m042,train,lo,S1_hi,raw,mid,1,434,0.22408
m042,train,lo,S1_hi,raw,expensive,1,295,2.038
m042,train,lo,S1_hi,rw,cheap,1,322,0.22016000000000002
m042,train,lo,S1_hi,rw,mid,1,450,0.31294
m042,train,lo,S1_hi,rw,expensive,1,293,2.0999399999999997
m042,train,lo,E2_lo,raw,cheap,1,323,0.14406
m042,train,lo,E2_lo,raw,mid,1,427,0.22529
m042,train,lo,E2_lo,raw,expensive,1,303,2.146
m042,train,lo,E2_lo,rw,cheap,1,325,0.22660999999999998
m042,train,lo,E2_lo,rw,mid,1,449,0.31821
m042,train,lo,E2_lo,rw,expensive,1,275,2.0013799999999997
m042,train,lo,E2_hi,raw,cheap,1,279,0.13826
m042,train,lo,E2_hi,raw,mid,1,344,0.19783
m042,train,lo,E2_hi,raw,expensive,1,279,2.156
m042,train,lo,E2_hi,rw,cheap,1,320,0.23532
m042,train,lo,E2_hi,rw,mid,1,424,0.31677
m042,train,lo,E2_hi,rw,expensive,1,280,2.0379899999999997
m042,train,lo,D2,raw,cheap,1,366,0.15182
m042,train,lo,D2,raw,mid,1,634,0.31433
m042,train,lo,D2,raw,expensive,1,275,1.868
m042,train,lo,D2,rw,cheap,1,334,0.21831
m042,train,lo,D2,rw,mid,1,440,0.30201
m042,train,lo,D2,rw,expensive,1,319,2.24231
m042,train,lo,D1,raw,cheap,1,294,0.12667
m042,train,lo,D1,raw,mid,1,255,0.1386
m042,train,lo,D1,raw,expensive,1,268,1.858
m042,train,lo,D1,rw,cheap,1,347,0.23478000000000002
m042,train,lo,D1,rw,mid,1,434,0.31089
m042,train,lo,D1,rw,expensive,1,345,2.43776
m042,train,lo,N1,raw,cheap,1,341,0.14817
m042,train,lo,N1,raw,mid,1,440,0.2296
m042,train,lo,N1,raw,expensive,1,293,2.062
m042,train,lo,N1,rw,cheap,1,338,0.24153999999999998
m042,train,lo,N1,rw,mid,1,415,0.31221
m042,train,lo,N1,rw,expensive,1,324,2.34051
m043,test,lo,base,raw,cheap,1,488,0.20273
m043,test,lo,base,raw,mid,1,855,0.42195
m043,test,lo,base,raw,expensive,1,330,2.248
m043,test,lo,base,rw,cheap,1,386,0.23446
m043,test,lo,base,rw,mid,1,873,0.50059
m043,test,lo,base,rw,expensive,1,360,2.45748
m043,test,lo,S1_lo,raw,cheap,1,468,0.19539
m043,test,lo,S1_lo,raw,mid,1,572,0.28924
m043,test,lo,S1_lo,raw,expensive,1,347,2.354
m043,test,lo,S1_lo,rw,cheap,1,463,0.27735
m043,test,lo,S1_lo,rw,mid,1,758,0.46048
m043,test,lo,S1_lo,rw,expensive,1,281,2.03812
m043,test,lo,S1_md,raw,cheap,1,434,0.18351
m043,test,lo,S1_md,raw,mid,1,709,0.35543
m043,test,lo,S1_md,raw,expensive,1,350,2.396
m043,test,lo,S1_md,rw,cheap,1,470,0.28494
m043,test,lo,S1_md,rw,mid,1,585,0.38407
m043,test,lo,S1_md,rw,expensive,1,298,2.15427
m043,test,lo,S1_hi,raw,cheap,1,300,0.13207
m043,test,lo,S1_hi,raw,mid,1,802,0.39869
m043,test,lo,S1_hi,raw,expensive,1,312,2.162
m043,test,lo,S1_hi,rw,cheap,1,352,0.25071
m043,test,lo,S1_hi,rw,mid,1,621,0.41169999999999995
m043,test,lo,S1_hi,rw,expensive,1,292,2.16228
m043,test,lo,E2_lo,raw,cheap,1,465,0.19854
m043,test,lo,E2_lo,raw,mid,1,483,0.25131
m043,test,lo,E2_lo,raw,expensive,1,308,2.172
m043,test,lo,E2_lo,rw,cheap,0,424,0.26643
m043,test,lo,E2_lo,rw,mid,1,758,0.46437999999999996
m043,test,lo,E2_lo,rw,expensive,1,323,2.29402
m043,test,lo,E2_hi,raw,cheap,0,299,0.14742
m043,test,lo,E2_hi,raw,mid,0,385,0.21755
m043,test,lo,E2_hi,raw,expensive,1,329,2.462
m043,test,lo,E2_hi,rw,cheap,1,423,0.27835
m043,test,lo,E2_hi,rw,mid,1,565,0.38597000000000004
m043,test,lo,E2_hi,rw,expensive,1,324,2.31232
m043,test,lo,D2,raw,cheap,1,305,0.1302
m043,test,lo,D2,raw,mid,1,657,0.32559
m043,test,lo,D2,raw,expensive,1,346,2.3
m043,test,lo,D2,rw,cheap,1,437,0.2604
m043,test,lo,D2,rw,mid,1,538,0.34976
m043,test,lo,D2,rw,expensive,1,506,3.3697
m043,test,lo,D1,raw,cheap,1,405,0.17054
m043,test,lo,D1,raw,mid,1,601,0.30197
m043,test,lo,D1,raw,expensive,1,294,2.024
m043,test,lo,D1,rw,cheap,0,264,0.21283
m043,test,lo,D1,rw,mid,1,727,0.45741
m043,test,lo,D1,rw,expensive,1,314,2.2846200000000003
m043,test,lo,N1,raw,cheap,1,426,0.18099
m043,test,lo,N1,raw,mid,1,451,0.23402
m043,test,lo,N1,raw,expensive,1,318,2.202
m043,test,lo,N1,rw,cheap,1,422,0.32681
m043,test,lo,N1,rw,mid,1,581,0.44404
m043,test,lo,N1,rw,expensive,1,272,2.24512
m043,test,lo,HUMAN_A,raw,cheap,1,254,0.10978
m043,test,lo,HUMAN_A,raw,mid,1,528,0.26451
m043,test,lo,HUMAN_A,raw,expensive,1,318,2.126
m043,test,lo,HUMAN_A,rw,cheap,1,531,0.30613
m043,test,lo,HUMAN_A,rw,mid,1,1047,0.59908
m043,test,lo,HUMAN_A,rw,expensive,1,400,2.77524
m043,test,lo,HUMAN_B,raw,cheap,1,286,0.11895
m043,test,lo,HUMAN_B,raw,mid,1,550,0.27125
m043,test,lo,HUMAN_B,raw,expensive,1,304,1.994
m043,test,lo,HUMAN_B,rw,cheap,1,337,0.22401000000000001
m043,test,lo,HUMAN_B,rw,mid,1,598,0.37949
m043,test,lo,HUMAN_B,rw,expensive,1,505,3.3818799999999998
m049,train,lo,base,raw,cheap,1,169,0.07488
m049,train,lo,base,raw,mid,1,343,0.17441
m049,train,lo,base,raw,expensive,1,215,1.466
m049,train,lo,base,rw,cheap,1,217,0.14842
m049,train,lo,base,rw,mid,1,341,0.22877000000000003
m049,train,lo,base,rw,expensive,1,157,1.1733
m049,train,lo,S1_lo,raw,cheap,1,169,0.07605
m049,train,lo,S1_lo,raw,mid,1,340,0.17375
m049,train,lo,S1_lo,raw,expensive,1,156,1.122
m049,train,lo,S1_lo,rw,cheap,1,217,0.14917
m049,train,lo,S1_lo,rw,mid,1,362,0.23939
m049,train,lo,S1_lo,rw,expensive,1,157,1.17405
m049,train,lo,S1_md,raw,cheap,1,163,0.07273
m049,train,lo,S1_md,raw,mid,1,448,0.22376
m049,train,lo,S1_md,raw,expensive,1,220,1.496
m049,train,lo,S1_md,rw,cheap,1,217,0.14842
m049,train,lo,S1_md,rw,mid,1,343,0.22971000000000003
m049,train,lo,S1_md,rw,expensive,1,157,1.1733
m049,train,lo,S1_hi,raw,cheap,1,146,0.06744
m049,train,lo,S1_hi,raw,mid,0,334,0.17183
m049,train,lo,S1_hi,raw,expensive,1,234,1.602
m049,train,lo,S1_hi,rw,cheap,1,229,0.15583
m049,train,lo,S1_hi,rw,mid,1,313,0.2185
m049,train,lo,S1_hi,rw,expensive,1,223,1.57589
m049,train,lo,E2_lo,raw,cheap,1,111,0.05921
m049,train,lo,E2_lo,raw,mid,1,354,0.18693
m049,train,lo,E2_lo,raw,expensive,1,199,1.468
m049,train,lo,E2_lo,rw,cheap,1,228,0.15994999999999998
m049,train,lo,E2_lo,rw,mid,1,370,0.24974999999999997
m049,train,lo,E2_lo,rw,expensive,1,237,1.6606500000000002
m049,train,lo,E2_hi,raw,cheap,1,112,0.06726
m049,train,lo,E2_hi,raw,mid,1,338,0.18736
m049,train,lo,E2_hi,raw,expensive,1,211,1.646
m049,train,lo,E2_hi,rw,cheap,1,168,0.1451
m049,train,lo,E2_hi,rw,mid,1,393,0.26851
m049,train,lo,E2_hi,rw,expensive,1,215,1.5366
m049,train,lo,D2,raw,cheap,1,243,0.10001
m049,train,lo,D2,raw,mid,1,230,0.118
m049,train,lo,D2,raw,expensive,1,165,1.122
m049,train,lo,D2,rw,cheap,1,184,0.11925000000000001
m049,train,lo,D2,rw,mid,1,369,0.22499
m049,train,lo,D2,rw,expensive,1,162,1.1456600000000001
m049,train,lo,D1,raw,cheap,1,145,0.06472
m049,train,lo,D1,raw,mid,1,366,0.18402
m049,train,lo,D1,raw,expensive,1,204,1.384
m049,train,lo,D1,rw,cheap,1,138,0.1154
m049,train,lo,D1,rw,mid,1,367,0.23792999999999997
m049,train,lo,D1,rw,expensive,1,237,1.64469
m049,train,lo,N1,raw,cheap,1,210,0.0928
m049,train,lo,N1,raw,mid,1,458,0.23056
m049,train,lo,N1,raw,expensive,1,265,1.794
m049,train,lo,N1,rw,cheap,1,172,0.13342
m049,train,lo,N1,rw,mid,1,386,0.25201999999999997
m049,train,lo,N1,rw,expensive,1,234,1.6374
m044,train,hi,base,raw,cheap,1,210,0.09722
m044,train,hi,base,raw,mid,1,470,0.24025
m044,train,hi,base,raw,expensive,1,253,1.776
m044,train,hi,base,rw,cheap,1,308,0.22705
m044,train,hi,base,rw,mid,1,495,0.34512
m044,train,hi,base,rw,expensive,1,346,2.4641200000000003
m044,train,hi,S1_lo,raw,cheap,1,213,0.09875
m044,train,hi,S1_lo,raw,mid,1,398,0.20701
m044,train,hi,S1_lo,raw,expensive,1,263,1.844
m044,train,hi,S1_lo,rw,cheap,1,211,0.17432999999999998
m044,train,hi,S1_lo,rw,mid,1,495,0.32898
m044,train,hi,S1_lo,rw,expensive,1,232,1.71403
m044,train,hi,S1_md,raw,cheap,1,411,0.17503
m044,train,hi,S1_md,raw,mid,1,524,0.26848
m044,train,hi,S1_md,raw,expensive,1,285,2.006
m044,train,hi,S1_md,rw,cheap,1,211,0.18057
m044,train,hi,S1_md,rw,mid,1,495,0.33495
m044,train,hi,S1_md,rw,expensive,1,228,1.7071
m044,train,hi,S1_hi,raw,cheap,1,332,0.14605
m044,train,hi,S1_hi,raw,mid,1,610,0.31025
m044,train,hi,S1_hi,raw,expensive,1,233,1.712
m044,train,hi,S1_hi,rw,cheap,1,211,0.18252000000000002
m044,train,hi,S1_hi,rw,mid,1,533,0.35478
m044,train,hi,S1_hi,rw,expensive,1,227,1.70492
m044,train,hi,E2_lo,raw,cheap,1,213,0.10291
m044,train,hi,E2_lo,raw,mid,1,402,0.21249
m044,train,hi,E2_lo,raw,expensive,1,232,1.706
m044,train,hi,E2_lo,rw,cheap,1,209,0.18175999999999998
m044,train,hi,E2_lo,rw,mid,1,490,0.33457000000000003
m044,train,hi,E2_lo,rw,expensive,1,253,1.8609200000000001
m044,train,hi,E2_hi,raw,cheap,1,196,0.10841
m044,train,hi,E2_hi,raw,mid,1,368,0.20881
m044,train,hi,E2_hi,raw,expensive,1,260,2.038
m044,train,hi,E2_hi,rw,cheap,1,209,0.19406
m044,train,hi,E2_hi,rw,mid,1,473,0.33888
m044,train,hi,E2_hi,rw,expensive,1,253,1.87322
m044,train,hi,D2,raw,cheap,1,218,0.09727
m044,train,hi,D2,raw,mid,1,417,0.21204
m044,train,hi,D2,raw,expensive,1,257,1.756
m044,train,hi,D2,rw,cheap,1,219,0.17386000000000001
m044,train,hi,D2,rw,mid,1,491,0.32320000000000004
m044,train,hi,D2,rw,expensive,1,307,2.1601299999999997
m044,train,hi,D1,raw,cheap,1,210,0.09514
m044,train,hi,D1,raw,mid,1,406,0.20822
m044,train,hi,D1,raw,expensive,1,259,1.786
m044,train,hi,D1,rw,cheap,1,236,0.20001000000000002
m044,train,hi,D1,rw,mid,1,500,0.34800000000000003
m044,train,hi,D1,rw,expensive,1,249,1.89005
m044,train,hi,N1,raw,cheap,1,287,0.1283
m044,train,hi,N1,raw,mid,1,599,0.30253
m044,train,hi,N1,raw,expensive,1,261,1.846
m044,train,hi,N1,rw,cheap,1,341,0.25697000000000003
m044,train,hi,N1,rw,mid,1,597,0.41083000000000003
m044,train,hi,N1,rw,expensive,1,281,2.13999
m047,test,lo,base,raw,cheap,1,204,0.09325
m047,test,lo,base,raw,mid,1,522,0.26379
m047,test,lo,base,raw,expensive,1,257,1.788
m047,test,lo,base,rw,cheap,1,237,0.18939
m047,test,lo,base,rw,mid,1,460,0.31847000000000003
m047,test,lo,base,rw,expensive,1,357,2.49217
m047,test,lo,S1_lo,raw,cheap,1,193,0.08933
m047,test,lo,S1_lo,raw,mid,1,318,0.16836
m047,test,lo,S1_lo,raw,expensive,1,297,2.034
m047,test,lo,S1_lo,rw,cheap,1,243,0.18792
m047,test,lo,S1_lo,rw,mid,1,331,0.25395
m047,test,lo,S1_lo,rw,expensive,1,280,2.01333
m047,test,lo,S1_md,raw,cheap,1,226,0.102
m047,test,lo,S1_md,raw,mid,0,453,0.23256
m047,test,lo,S1_md,raw,expensive,1,252,1.774
m047,test,lo,S1_md,rw,cheap,1,176,0.15961
m047,test,lo,S1_md,rw,mid,1,459,0.31113999999999997
m047,test,lo,S1_md,rw,expensive,1,254,1.84326
m047,test,lo,S1_hi,raw,cheap,1,228,0.10341
m047,test,lo,S1_hi,raw,mid,1,496,0.25397
m047,test,lo,S1_hi,raw,expensive,1,224,1.622
m047,test,lo,S1_hi,rw,cheap,1,159,0.15422
m047,test,lo,S1_hi,rw,mid,1,309,0.24184
m047,test,lo,S1_hi,rw,expensive,1,329,2.2944600000000004
m047,test,lo,E2_lo,raw,cheap,1,123,0.06884
m047,test,lo,E2_lo,raw,mid,1,587,0.30169
m047,test,lo,E2_lo,raw,expensive,1,251,1.85
m047,test,lo,E2_lo,rw,cheap,1,176,0.16696
m047,test,lo,E2_lo,rw,mid,1,504,0.33968
m047,test,lo,E2_lo,rw,expensive,1,254,1.85435
m047,test,lo,E2_hi,raw,cheap,1,237,0.12087
m047,test,lo,E2_hi,raw,mid,1,403,0.22391
m047,test,lo,E2_hi,raw,expensive,1,327,2.422
m047,test,lo,E2_hi,rw,cheap,1,176,0.17565999999999998
m047,test,lo,E2_hi,rw,mid,1,488,0.34086
m047,test,lo,E2_hi,rw,expensive,1,256,1.87505
m047,test,lo,D2,raw,cheap,1,253,0.10888
m047,test,lo,D2,raw,mid,1,528,0.26331
m047,test,lo,D2,raw,expensive,1,269,1.816
m047,test,lo,D2,rw,cheap,1,268,0.21047
m047,test,lo,D2,rw,mid,1,618,0.40245
m047,test,lo,D2,rw,expensive,1,316,2.29474
m047,test,lo,D1,raw,cheap,1,219,0.09661
m047,test,lo,D1,raw,mid,1,258,0.13731
m047,test,lo,D1,raw,expensive,1,191,1.36
m047,test,lo,D1,rw,cheap,1,196,0.15961999999999998
m047,test,lo,D1,rw,mid,1,433,0.2916
m047,test,lo,D1,rw,expensive,1,193,1.45884
m047,test,lo,N1,raw,cheap,1,182,0.08736
m047,test,lo,N1,raw,mid,1,307,0.16514
m047,test,lo,N1,raw,expensive,1,324,2.222
m047,test,lo,N1,rw,cheap,1,219,0.18889
m047,test,lo,N1,rw,mid,1,511,0.34918
m047,test,lo,N1,rw,expensive,1,305,2.19986
m047,test,lo,HUMAN_A,raw,cheap,1,200,0.08588
m047,test,lo,HUMAN_A,raw,mid,1,363,0.18261
m047,test,lo,HUMAN_A,raw,expensive,1,318,2.068
m047,test,lo,HUMAN_A,rw,cheap,1,246,0.17548
m047,test,lo,HUMAN_A,rw,mid,1,483,0.31105
m047,test,lo,HUMAN_A,rw,expensive,1,367,2.49879
m047,test,lo,HUMAN_B,raw,cheap,1,223,0.09163
m047,test,lo,HUMAN_B,raw,mid,1,389,0.19153
m047,test,lo,HUMAN_B,raw,expensive,1,224,1.46
m047,test,lo,HUMAN_B,rw,cheap,1,241,0.15163
m047,test,lo,HUMAN_B,rw,mid,1,378,0.2398
m047,test,lo,HUMAN_B,rw,expensive,1,268,1.82739
m045,test,lo,base,raw,cheap,1,315,0.13634
m045,test,lo,base,raw,mid,1,340,0.1784
m045,test,lo,base,raw,expensive,1,267,1.85
m045,test,lo,base,rw,cheap,1,342,0.22696
m045,test,lo,base,rw,mid,1,378,0.27698
m045,test,lo,base,rw,expensive,1,269,1.9519700000000002
m045,test,lo,S1_lo,raw,cheap,1,197,0.0915
m045,test,lo,S1_lo,raw,mid,1,366,0.19092
m045,test,lo,S1_lo,raw,expensive,1,253,1.77
m045,test,lo,S1_lo,rw,cheap,1,162,0.15706
m045,test,lo,S1_lo,rw,mid,1,416,0.29328
m045,test,lo,S1_lo,rw,expensive,1,306,2.1668600000000002
m045,test,lo,S1_md,raw,cheap,1,335,0.14498
m045,test,lo,S1_md,raw,mid,1,341,0.18127
m045,test,lo,S1_md,raw,expensive,1,253,1.798
m045,test,lo,S1_md,rw,cheap,1,157,0.15546
m045,test,lo,S1_md,rw,mid,1,325,0.25075
m045,test,lo,S1_md,rw,expensive,1,231,1.71155
m045,test,lo,S1_hi,raw,cheap,0,311,0.1369
m045,test,lo,S1_hi,raw,mid,0,811,0.40382
m045,test,lo,S1_hi,raw,expensive,1,280,1.982
m045,test,lo,S1_hi,rw,cheap,1,149,0.1542
m045,test,lo,S1_hi,rw,mid,1,319,0.24958
m045,test,lo,S1_hi,rw,expensive,1,217,1.6292
m045,test,lo,E2_lo,raw,cheap,1,169,0.08398
m045,test,lo,E2_lo,raw,mid,1,312,0.16899
m045,test,lo,E2_lo,raw,expensive,1,235,1.708
m045,test,lo,E2_lo,rw,cheap,1,216,0.17923
m045,test,lo,E2_lo,rw,mid,1,354,0.26573
m045,test,lo,E2_lo,rw,expensive,1,263,1.9049
m045,test,lo,E2_hi,raw,cheap,1,285,0.1382
m045,test,lo,E2_hi,raw,mid,1,359,0.20023
m045,test,lo,E2_hi,raw,expensive,1,255,1.95
m045,test,lo,E2_hi,rw,cheap,1,302,0.22192
m045,test,lo,E2_hi,rw,mid,1,330,0.26422
m045,test,lo,E2_hi,rw,expensive,1,287,2.06052
m045,test,lo,D2,raw,cheap,1,362,0.15121
m045,test,lo,D2,raw,mid,1,334,0.17228
m045,test,lo,D2,raw,expensive,1,255,1.734
m045,test,lo,D2,rw,cheap,1,343,0.21710000000000002
m045,test,lo,D2,rw,mid,1,360,0.25778
m045,test,lo,D2,rw,expensive,1,270,1.92503
m045,test,lo,D1,raw,cheap,1,218,0.09805
m045,test,lo,D1,raw,mid,1,349,0.18173
m045,test,lo,D1,raw,expensive,1,229,1.61
m045,test,lo,D1,rw,cheap,1,222,0.17887
m045,test,lo,D1,rw,mid,1,301,0.23865
m045,test,lo,D1,rw,expensive,1,223,1.6701300000000001
m045,test,lo,N1,raw,cheap,1,165,0.08181
m045,test,lo,N1,raw,mid,1,348,0.18516
m045,test,lo,N1,raw,expensive,1,253,1.806
m045,test,lo,N1,rw,cheap,1,159,0.15815
m045,test,lo,N1,rw,mid,1,358,0.2681
m045,test,lo,N1,rw,expensive,1,268,1.9390900000000002
m045,test,lo,HUMAN_A,raw,cheap,1,196,0.08579
m045,test,lo,HUMAN_A,raw,mid,0,419,0.21028
m045,test,lo,HUMAN_A,raw,expensive,0,262,1.75
m045,test,lo,HUMAN_A,rw,cheap,0,341,0.20933000000000002
m045,test,lo,HUMAN_A,rw,mid,1,433,0.28518
m045,test,lo,HUMAN_A,rw,expensive,0,308,2.1313199999999997
m045,test,lo,HUMAN_B,raw,cheap,1,175,0.07482
m045,test,lo,HUMAN_B,raw,mid,1,256,0.13082
m045,test,lo,HUMAN_B,raw,expensive,1,209,1.394
m045,test,lo,HUMAN_B,rw,cheap,1,309,0.19894
m045,test,lo,HUMAN_B,rw,mid,1,381,0.26347
m045,test,lo,HUMAN_B,rw,expensive,1,282,1.9947
m048,train,hi,base,raw,cheap,1,287,0.12726
m048,train,hi,base,raw,mid,1,519,0.26538
m048,train,hi,base,raw,expensive,1,292,2.038
m048,train,hi,base,rw,cheap,1,299,0.22121999999999997
m048,train,hi,base,rw,mid,1,831,0.50142
m048,train,hi,base,rw,expensive,1,323,2.3134
m048,train,hi,S1_lo,raw,cheap,1,411,0.17438
m048,train,hi,S1_lo,raw,mid,1,780,0.3882
m048,train,hi,S1_lo,raw,expensive,1,301,2.094
m048,train,hi,S1_lo,rw,cheap,1,299,0.22137
m048,train,hi,S1_lo,rw,mid,1,1130,0.6421
m048,train,hi,S1_lo,rw,expensive,1,310,2.23555
m048,train,hi,S1_md,raw,cheap,1,336,0.1464
m048,train,hi,S1_md,raw,mid,1,712,0.35699
m048,train,hi,S1_md,raw,expensive,1,307,2.14
m048,train,hi,S1_md,rw,cheap,1,324,0.23162
m048,train,hi,S1_md,rw,mid,1,1001,0.5822200000000001
m048,train,hi,S1_md,rw,expensive,1,310,2.2363
m048,train,hi,S1_hi,raw,cheap,0,430,0.18368
m048,train,hi,S1_hi,raw,mid,1,507,0.26289
m048,train,hi,S1_hi,raw,expensive,1,327,2.29
m048,train,hi,S1_hi,rw,cheap,1,363,0.24749
m048,train,hi,S1_hi,rw,mid,1,835,0.50521
m048,train,hi,S1_hi,rw,expensive,1,288,2.10161
m048,train,hi,E2_lo,raw,cheap,1,324,0.14691
m048,train,hi,E2_lo,raw,mid,1,567,0.29289
m048,train,hi,E2_lo,raw,expensive,1,291,2.098
m048,train,hi,E2_lo,rw,cheap,1,308,0.22959000000000002
m048,train,hi,E2_lo,rw,mid,1,1150,0.6563
m048,train,hi,E2_lo,rw,expensive,1,281,2.06635
m048,train,hi,E2_hi,raw,cheap,1,364,0.17303
m048,train,hi,E2_hi,raw,mid,1,1153,0.57986
m048,train,hi,E2_hi,raw,expensive,1,259,2.06
m048,train,hi,E2_hi,rw,cheap,1,299,0.23772
m048,train,hi,E2_hi,rw,mid,1,517,0.37034
m048,train,hi,E2_hi,rw,expensive,1,310,2.2519
m048,train,hi,D2,raw,cheap,1,372,0.15657
m048,train,hi,D2,raw,mid,1,1818,0.87261
m048,train,hi,D2,raw,expensive,1,302,2.054
m048,train,hi,D2,rw,cheap,0,502,0.29146
m048,train,hi,D2,rw,mid,1,1051,0.5978
m048,train,hi,D2,rw,expensive,1,368,2.56528
m048,train,hi,D1,raw,cheap,1,471,0.19653
m048,train,hi,D1,raw,mid,1,546,0.27732
m048,train,hi,D1,raw,expensive,1,286,1.992
m048,train,hi,D1,rw,cheap,1,279,0.20494
m048,train,hi,D1,rw,mid,1,421,0.29991
m048,train,hi,D1,rw,expensive,1,237,1.76454
m048,train,hi,N1,raw,cheap,1,334,0.14772
m048,train,hi,N1,raw,mid,1,1256,0.61417
m048,train,hi,N1,raw,expensive,1,311,2.184
m048,train,hi,N1,rw,cheap,1,288,0.22124
m048,train,hi,N1,rw,mid,1,1933,1.02362
m048,train,hi,N1,rw,expensive,1,318,2.29321
m046,test,lo,base,raw,cheap,0,330,0.14204
m046,test,lo,base,raw,mid,0,657,0.32859
m046,test,lo,base,raw,expensive,1,324,2.208
m046,test,lo,base,rw,cheap,0,358,0.23526000000000002
m046,test,lo,base,rw,mid,0,597,0.38297
m046,test,lo,base,rw,expensive,1,319,2.26058
m046,test,lo,S1_lo,raw,cheap,0,230,0.10469
m046,test,lo,S1_lo,raw,mid,1,1569,0.75858
m046,test,lo,S1_lo,raw,expensive,1,311,2.148
m046,test,lo,S1_lo,rw,cheap,0,298,0.21321
m046,test,lo,S1_lo,rw,mid,1,412,0.29675
m046,test,lo,S1_lo,rw,expensive,1,319,2.2594600000000002
m046,test,lo,S1_md,raw,cheap,1,273,0.12025
m046,test,lo,S1_md,raw,mid,0,907,0.44729
m046,test,lo,S1_md,raw,expensive,1,268,1.888
m046,test,lo,S1_md,rw,cheap,0,278,0.20606
m046,test,lo,S1_md,rw,mid,1,578,0.37524
m046,test,lo,S1_md,rw,expensive,1,317,2.24978
m046,test,lo,S1_hi,raw,cheap,0,373,0.16059
m046,test,lo,S1_hi,raw,mid,0,1028,0.50701
m046,test,lo,S1_hi,raw,expensive,0,289,2.052
m046,test,lo,S1_hi,rw,cheap,0,464,0.27878000000000003
m046,test,lo,S1_hi,rw,mid,0,2814,1.42777
m046,test,lo,S1_hi,rw,expensive,0,427,2.90769
m046,test,lo,E2_lo,raw,cheap,0,169,0.08723
m046,test,lo,E2_lo,raw,mid,0,550,0.28565
m046,test,lo,E2_lo,raw,expensive,1,302,2.174
m046,test,lo,E2_lo,rw,cheap,0,334,0.23348999999999998
m046,test,lo,E2_lo,rw,mid,0,700,0.43873
m046,test,lo,E2_lo,rw,expensive,1,323,2.29193
m046,test,lo,E2_hi,raw,cheap,0,190,0.10535
m046,test,lo,E2_hi,raw,mid,1,393,0.22101
m046,test,lo,E2_hi,raw,expensive,1,308,2.332
m046,test,lo,E2_hi,rw,cheap,0,286,0.2244
m046,test,lo,E2_hi,rw,mid,1,517,0.36187
m046,test,lo,E2_hi,rw,expensive,1,318,2.27108
m046,test,lo,D2,raw,cheap,0,278,0.11929
m046,test,lo,D2,raw,mid,1,1282,0.61904
m046,test,lo,D2,raw,expensive,1,276,1.876
m046,test,lo,D2,rw,cheap,0,361,0.31107
m046,test,lo,D2,rw,mid,0,415,0.37349
m046,test,lo,D2,rw,expensive,0,454,3.3834400000000002
m046,test,lo,D1,raw,cheap,0,278,0.12085
m046,test,lo,D1,raw,mid,1,380,0.19675
m046,test,lo,D1,raw,expensive,1,324,2.186
m046,test,lo,D1,rw,cheap,0,184,0.22094
m046,test,lo,D1,rw,mid,0,349,0.31932
m046,test,lo,D1,rw,expensive,0,275,2.21229
m046,test,lo,N1,raw,cheap,0,232,0.10727
m046,test,lo,N1,raw,mid,1,628,0.31781
m046,test,lo,N1,raw,expensive,1,344,2.366
m046,test,lo,N1,rw,cheap,0,282,0.21956
m046,test,lo,N1,rw,mid,0,846,0.51339
m046,test,lo,N1,rw,expensive,1,349,2.48542
m046,test,lo,HUMAN_A,raw,cheap,1,277,0.11761
m046,test,lo,HUMAN_A,raw,mid,1,358,0.18326
m046,test,lo,HUMAN_A,raw,expensive,1,197,1.382
m046,test,lo,HUMAN_A,rw,cheap,0,251,0.18752999999999997
m046,test,lo,HUMAN_A,rw,mid,1,587,0.37099000000000004
m046,test,lo,HUMAN_A,rw,expensive,1,285,2.0419
m046,test,lo,HUMAN_B,raw,cheap,0,275,0.11347
m046,test,lo,HUMAN_B,raw,mid,1,549,0.26928
m046,test,lo,HUMAN_B,raw,expensive,0,319,2.064
m046,test,lo,HUMAN_B,rw,cheap,0,348,0.21824
m046,test,lo,HUMAN_B,rw,mid,0,685,0.41082
m046,test,lo,HUMAN_B,rw,expensive,0,485,3.2282699999999998
m051,train,hi,base,raw,cheap,1,329,0.14855
m051,train,hi,base,raw,mid,1,354,0.19158
m051,train,hi,base,raw,expensive,1,216,1.632
m051,train,hi,base,rw,cheap,1,317,0.24889
m051,train,hi,base,rw,mid,1,471,0.35147
m051,train,hi,base,rw,expensive,1,283,2.1388999999999996
m051,train,hi,S1_lo,raw,cheap,1,392,0.17418
m051,train,hi,S1_lo,raw,mid,1,352,0.19304
m051,train,hi,S1_lo,raw,expensive,1,244,1.832
m051,train,hi,S1_lo,rw,cheap,1,338,0.25807
m051,train,hi,S1_lo,rw,mid,1,364,0.30234
m051,train,hi,S1_lo,rw,expensive,1,282,2.13036
m051,train,hi,S1_md,raw,cheap,1,340,0.15429
m051,train,hi,S1_md,raw,mid,1,328,0.18176
m051,train,hi,S1_md,raw,expensive,1,278,2.036
m051,train,hi,S1_md,rw,cheap,1,339,0.25785
m051,train,hi,S1_md,rw,mid,1,441,0.33791
m051,train,hi,S1_md,rw,expensive,1,272,2.06789
m051,train,hi,S1_hi,raw,cheap,0,434,0.1904
m051,train,hi,S1_hi,raw,mid,1,269,0.15673
m051,train,hi,S1_hi,raw,expensive,0,289,2.138
m051,train,hi,S1_hi,rw,cheap,0,360,0.26853
m051,train,hi,S1_hi,rw,mid,1,405,0.32369000000000003
m051,train,hi,S1_hi,rw,expensive,0,241,1.88459
m051,train,hi,E2_lo,raw,cheap,1,293,0.14124
m051,train,hi,E2_lo,raw,mid,1,350,0.19705
m051,train,hi,E2_lo,raw,expensive,1,234,1.838
m051,train,hi,E2_lo,rw,cheap,1,282,0.24048999999999998
m051,train,hi,E2_lo,rw,mid,1,389,0.31842
m051,train,hi,E2_lo,rw,expensive,1,220,1.76084
m051,train,hi,E2_hi,raw,cheap,1,351,0.17342
m051,train,hi,E2_hi,raw,mid,1,375,0.21795
m051,train,hi,E2_hi,raw,expensive,1,239,1.99
m051,train,hi,E2_hi,rw,cheap,1,298,0.25538
m051,train,hi,E2_hi,rw,mid,1,476,0.36784
m051,train,hi,E2_hi,rw,expensive,1,210,1.7075200000000001
m051,train,hi,D2,raw,cheap,1,401,0.17292
m051,train,hi,D2,raw,mid,1,360,0.1911
m051,train,hi,D2,raw,expensive,1,241,1.738
m051,train,hi,D2,rw,cheap,1,489,0.29264
m051,train,hi,D2,rw,mid,1,446,0.31844
m051,train,hi,D2,rw,expensive,1,342,2.41797
m051,train,hi,D1,raw,cheap,1,294,0.13369
m051,train,hi,D1,raw,mid,1,410,0.21625
m051,train,hi,D1,raw,expensive,1,235,1.724
m051,train,hi,D1,rw,cheap,1,316,0.24552999999999997
m051,train,hi,D1,rw,mid,1,429,0.32884
m051,train,hi,D1,rw,expensive,1,269,2.04831
m051,train,hi,N1,raw,cheap,1,289,0.13517
m051,train,hi,N1,raw,mid,1,458,0.24256
m051,train,hi,N1,raw,expensive,1,322,2.296
m051,train,hi,N1,rw,cheap,1,368,0.28537
m051,train,hi,N1,rw,mid,1,382,0.32724
m051,train,hi,N1,rw,expensive,1,266,2.10075
m050,train,hi,base,raw,cheap,1,297,0.12885
m050,train,hi,base,raw,mid,1,424,0.21833
m050,train,hi,base,raw,expensive,1,328,2.222
m050,train,hi,base,rw,cheap,1,392,0.24563000000000001
m050,train,hi,base,rw,mid,1,408,0.29153
m050,train,hi,base,rw,expensive,1,283,2.03642
m050,train,hi,S1_lo,raw,cheap,1,392,0.16508
m050,train,hi,S1_lo,raw,mid,1,815,0.4021
m050,train,hi,S1_lo,raw,expensive,1,336,2.27
m050,train,hi,S1_lo,rw,cheap,1,292,0.20929999999999999
m050,train,hi,S1_lo,rw,mid,1,416,0.29715
m050,train,hi,S1_lo,rw,expensive,1,318,2.2538300000000002
m050,train,hi,S1_md,raw,cheap,1,392,0.16625
m050,train,hi,S1_md,raw,mid,1,506,0.25867
m050,train,hi,S1_md,raw,expensive,1,338,2.306
m050,train,hi,S1_md,rw,cheap,1,396,0.25062
m050,train,hi,S1_md,rw,mid,1,423,0.30224
m050,train,hi,S1_md,rw,expensive,1,319,2.26163
m050,train,hi,S1_hi,raw,cheap,1,236,0.10684
m050,train,hi,S1_hi,raw,mid,1,519,0.26433
m050,train,hi,S1_hi,raw,expensive,1,335,2.282
m050,train,hi,S1_hi,rw,cheap,1,398,0.24879
m050,train,hi,S1_hi,rw,mid,1,459,0.31623
m050,train,hi,S1_hi,rw,expensive,1,266,1.9333
m050,train,hi,E2_lo,raw,cheap,1,314,0.13986
m050,train,hi,E2_lo,raw,mid,1,415,0.2183
m050,train,hi,E2_lo,raw,expensive,1,293,2.068
m050,train,hi,E2_lo,rw,cheap,1,392,0.24983
m050,train,hi,E2_lo,rw,mid,1,388,0.28633
m050,train,hi,E2_lo,rw,expensive,1,290,2.08262
m050,train,hi,E2_hi,raw,cheap,1,313,0.15144
m050,train,hi,E2_hi,raw,mid,1,446,0.24517
m050,train,hi,E2_hi,raw,expensive,1,286,2.19
m050,train,hi,E2_hi,rw,cheap,1,293,0.22558
m050,train,hi,E2_hi,rw,mid,1,444,0.32619
m050,train,hi,E2_hi,rw,expensive,1,332,2.35186
m050,train,hi,D2,raw,cheap,1,408,0.16804
m050,train,hi,D2,raw,mid,1,501,0.25122
m050,train,hi,D2,raw,expensive,1,250,1.71
m050,train,hi,D2,rw,cheap,1,417,0.24810000000000001
m050,train,hi,D2,rw,mid,1,494,0.32493000000000005
m050,train,hi,D2,rw,expensive,1,336,2.3363
m050,train,hi,D1,raw,cheap,1,384,0.16035
m050,train,hi,D1,raw,mid,1,436,0.22217
m050,train,hi,D1,raw,expensive,1,304,2.054
m050,train,hi,D1,rw,cheap,1,340,0.22407
m050,train,hi,D1,rw,mid,1,392,0.28220999999999996
m050,train,hi,D1,rw,expensive,1,281,2.02262
m050,train,hi,N1,raw,cheap,1,391,0.16652
m050,train,hi,N1,raw,mid,1,459,0.23658
m050,train,hi,N1,raw,expensive,1,363,2.456
m050,train,hi,N1,rw,cheap,1,283,0.21381
m050,train,hi,N1,rw,mid,1,371,0.28400000000000003
m050,train,hi,N1,rw,expensive,1,254,1.89633
m052,train,hi,base,raw,cheap,1,567,0.23275
m052,train,hi,base,raw,mid,1,588,0.29811
m052,train,hi,base,raw,expensive,1,335,2.3
m052,train,hi,base,rw,cheap,1,307,0.22459
m052,train,hi,base,rw,mid,1,529,0.36102
m052,train,hi,base,rw,expensive,1,335,2.39064
m052,train,hi,S1_lo,raw,cheap,1,258,0.11533
m052,train,hi,S1_lo,raw,mid,1,512,0.26224
m052,train,hi,S1_lo,raw,expensive,1,308,2.136
m052,train,hi,S1_lo,rw,cheap,1,269,0.2076
m052,train,hi,S1_lo,rw,mid,1,584,0.38424
m052,train,hi,S1_lo,rw,expensive,1,329,2.34461
m052,train,hi,S1_md,raw,cheap,1,330,0.14386
m052,train,hi,S1_md,raw,mid,1,987,0.48639
m052,train,hi,S1_md,raw,expensive,1,309,2.154
m052,train,hi,S1_md,rw,cheap,1,287,0.26639
m052,train,hi,S1_md,rw,mid,1,627,0.45743
m052,train,hi,S1_md,rw,expensive,1,504,3.60299
m052,train,hi,S1_hi,raw,cheap,1,311,0.13716
m052,train,hi,S1_hi,raw,mid,1,2051,0.98857
m052,train,hi,S1_hi,raw,expensive,1,302,2.14
m052,train,hi,S1_hi,rw,cheap,1,590,0.33511
m052,train,hi,S1_hi,rw,mid,1,631,0.41181
m052,train,hi,S1_hi,rw,expensive,1,302,2.19549
m052,train,hi,E2_lo,raw,cheap,1,265,0.12254
m052,train,hi,E2_lo,raw,mid,1,554,0.28633
m052,train,hi,E2_lo,raw,expensive,1,319,2.26
m052,train,hi,E2_lo,rw,cheap,1,307,0.22879
m052,train,hi,E2_lo,rw,mid,1,548,0.37415
m052,train,hi,E2_lo,rw,expensive,1,342,2.43684
m052,train,hi,E2_hi,raw,cheap,1,312,0.14911
m052,train,hi,E2_hi,raw,mid,1,560,0.29785
m052,train,hi,E2_hi,raw,expensive,1,352,2.574
m052,train,hi,E2_hi,rw,cheap,1,312,0.23939
m052,train,hi,E2_hi,rw,mid,1,526,0.37251
m052,train,hi,E2_hi,rw,expensive,1,303,2.2115400000000003
m052,train,hi,D2,raw,cheap,0,309,0.13172
m052,train,hi,D2,raw,mid,1,526,0.26567
m052,train,hi,D2,raw,expensive,1,394,2.61
m052,train,hi,D2,rw,cheap,0,293,0.20864
m052,train,hi,D2,rw,mid,1,523,0.34746
m052,train,hi,D2,rw,expensive,1,411,2.8137000000000003
m052,train,hi,D1,raw,cheap,1,483,0.20031
m052,train,hi,D1,raw,mid,1,572,0.28939
m052,train,hi,D1,raw,expensive,1,313,2.152
m052,train,hi,D1,rw,cheap,0,709,0.37187000000000003
m052,train,hi,D1,rw,mid,1,508,0.34499
m052,train,hi,D1,rw,expensive,1,315,2.24968
m052,train,hi,N1,raw,cheap,1,267,0.1207
m052,train,hi,N1,raw,mid,1,661,0.33467
m052,train,hi,N1,raw,expensive,1,404,2.744
m052,train,hi,N1,rw,cheap,1,308,0.23981999999999998
m052,train,hi,N1,rw,mid,1,626,0.42188000000000003
m052,train,hi,N1,rw,expensive,1,331,2.42076
m055,train,lo,base,raw,cheap,1,208,0.0936
m055,train,lo,base,raw,mid,1,239,0.13003
m055,train,lo,base,raw,expensive,1,135,1.046
m055,train,lo,base,rw,cheap,1,109,0.12974999999999998
m055,train,lo,base,rw,mid,1,226,0.19782
m055,train,lo,base,rw,expensive,1,177,1.3719000000000001
m055,train,lo,S1_lo,raw,cheap,1,192,0.08791
m055,train,lo,S1_lo,raw,mid,1,242,0.13159
m055,train,lo,S1_lo,raw,expensive,1,145,1.108
m055,train,lo,S1_lo,rw,cheap,1,179,0.15723
m055,train,lo,S1_lo,rw,mid,1,216,0.19389
m055,train,lo,S1_lo,rw,expensive,1,145,1.18252
m055,train,lo,S1_md,raw,cheap,1,193,0.08816
m055,train,lo,S1_md,raw,mid,1,199,0.11138
m055,train,lo,S1_md,raw,expensive,1,183,1.336
m055,train,lo,S1_md,rw,cheap,1,217,0.16314
m055,train,lo,S1_md,rw,mid,1,210,0.18239
m055,train,lo,S1_md,rw,expensive,1,186,1.3939400000000002
m055,train,lo,S1_hi,raw,cheap,1,198,0.09084
m055,train,lo,S1_hi,raw,mid,1,201,0.11352
m055,train,lo,S1_hi,raw,expensive,1,183,1.352
m055,train,lo,S1_hi,rw,cheap,1,186,0.15989
m055,train,lo,S1_hi,rw,mid,1,201,0.1868
m055,train,lo,S1_hi,rw,expensive,1,145,1.1787800000000002
m055,train,lo,E2_lo,raw,cheap,1,178,0.08675
m055,train,lo,E2_lo,raw,mid,1,220,0.1253
m055,train,lo,E2_lo,raw,expensive,1,154,1.216
m055,train,lo,E2_lo,rw,cheap,1,201,0.15558
m055,train,lo,E2_lo,rw,mid,1,228,0.18932
m055,train,lo,E2_lo,rw,expensive,1,189,1.39376
m055,train,lo,E2_hi,raw,cheap,1,183,0.09736
m055,train,lo,E2_hi,raw,mid,1,209,0.12883
m055,train,lo,E2_hi,raw,expensive,1,154,1.332
m055,train,lo,E2_hi,rw,cheap,1,208,0.1804
m055,train,lo,E2_hi,rw,mid,1,216,0.20602
m055,train,lo,E2_hi,rw,expensive,1,154,1.2468
m055,train,lo,D2,raw,cheap,1,202,0.08833
m055,train,lo,D2,raw,mid,1,201,0.10887
m055,train,lo,D2,raw,expensive,1,162,1.164
m055,train,lo,D2,rw,cheap,1,197,0.15582000000000001
m055,train,lo,D2,rw,mid,1,263,0.20756999999999998
m055,train,lo,D2,rw,expensive,1,192,1.44131
m055,train,lo,D1,raw,cheap,1,173,0.07965
m055,train,lo,D1,raw,mid,1,259,0.13868
m055,train,lo,D1,raw,expensive,1,145,1.096
m055,train,lo,D1,rw,cheap,1,185,0.16761
m055,train,lo,D1,rw,mid,1,213,0.20088
m055,train,lo,D1,rw,expensive,1,149,1.24267
m055,train,lo,N1,raw,cheap,1,157,0.07656
m055,train,lo,N1,raw,mid,1,349,0.18413
m055,train,lo,N1,raw,expensive,1,196,1.444
m055,train,lo,N1,rw,cheap,1,194,0.18983
m055,train,lo,N1,rw,mid,1,224,0.2247
m055,train,lo,N1,rw,expensive,1,174,1.45757
m053,test,hi,base,raw,cheap,1,634,0.26458
m053,test,hi,base,raw,mid,1,655,0.33515
m053,test,hi,base,raw,expensive,1,498,3.352
m053,test,hi,base,rw,cheap,1,651,0.42362
m053,test,hi,base,rw,mid,1,921,0.61405
m053,test,hi,base,rw,expensive,1,523,3.77613
m053,test,hi,S1_lo,raw,cheap,1,822,0.33615
m053,test,hi,S1_lo,raw,mid,1,617,0.31804
m053,test,hi,S1_lo,raw,expensive,1,495,3.344
m053,test,hi,S1_lo,rw,cheap,1,760,0.42918999999999996
m053,test,hi,S1_lo,rw,mid,1,836,0.53703
m053,test,hi,S1_lo,rw,expensive,1,484,3.39221
m053,test,hi,S1_md,raw,cheap,0,689,0.28665
m053,test,hi,S1_md,raw,mid,1,639,0.32913
m053,test,hi,S1_md,raw,expensive,1,489,3.318
m053,test,hi,S1_md,rw,cheap,1,854,0.46746
m053,test,hi,S1_md,rw,mid,1,761,0.50439
m053,test,hi,S1_md,rw,expensive,1,496,3.47237
m053,test,hi,S1_hi,raw,cheap,0,574,0.24308
m053,test,hi,S1_hi,raw,mid,1,874,0.44138
m053,test,hi,S1_hi,raw,expensive,1,508,3.456
m053,test,hi,S1_hi,rw,cheap,1,751,0.42772
m053,test,hi,S1_hi,rw,mid,1,579,0.41817
m053,test,hi,S1_hi,rw,expensive,1,480,3.36829
m053,test,hi,E2_lo,raw,cheap,0,995,0.40813
m053,test,hi,E2_lo,raw,mid,1,810,0.41535
m053,test,hi,E2_lo,raw,expensive,1,486,3.378
m053,test,hi,E2_lo,rw,cheap,1,690,0.40679
m053,test,hi,E2_lo,rw,mid,1,880,0.56183
m053,test,hi,E2_lo,rw,expensive,1,479,3.35893
m053,test,hi,E2_hi,raw,cheap,1,884,0.37609
m053,test,hi,E2_hi,raw,mid,1,680,0.3634
m053,test,hi,E2_hi,raw,expensive,1,486,3.5
m053,test,hi,E2_hi,rw,cheap,1,689,0.42216
m053,test,hi,E2_hi,rw,mid,1,640,0.46499999999999997
m053,test,hi,E2_hi,rw,expensive,1,485,3.43125
m053,test,hi,D2,raw,cheap,0,618,0.25551
m053,test,hi,D2,raw,mid,1,744,0.37368
m053,test,hi,D2,raw,expensive,1,437,2.942
m053,test,hi,D2,rw,cheap,1,622,0.43369
m053,test,hi,D2,rw,mid,1,1063,0.7022900000000001
m053,test,hi,D2,rw,expensive,1,660,4.69363
m053,test,hi,D1,raw,cheap,0,840,0.34221
m053,test,hi,D1,raw,mid,1,695,0.35335
m053,test,hi,D1,raw,expensive,1,422,2.888
m053,test,hi,D1,rw,cheap,1,700,0.42085
m053,test,hi,D1,rw,mid,1,852,0.55994
m053,test,hi,D1,rw,expensive,1,455,3.28355
m053,test,hi,N1,raw,cheap,0,935,0.38143
m053,test,hi,N1,raw,mid,1,720,0.3681
m053,test,hi,N1,raw,expensive,1,426,2.952
m053,test,hi,N1,rw,cheap,1,491,0.3719
m053,test,hi,N1,rw,mid,1,965,0.64442
m053,test,hi,N1,rw,expensive,1,451,3.37417
m053,test,hi,HUMAN_A,raw,cheap,0,480,0.19982
m053,test,hi,HUMAN_A,raw,mid,1,681,0.34077
m053,test,hi,HUMAN_A,raw,expensive,1,427,2.838
m053,test,hi,HUMAN_A,rw,cheap,1,609,0.40667
m053,test,hi,HUMAN_A,rw,mid,1,791,0.55255
m053,test,hi,HUMAN_A,rw,expensive,1,623,4.394229999999999
m053,test,hi,HUMAN_B,raw,cheap,0,380,0.15701
m053,test,hi,HUMAN_B,raw,mid,1,772,0.37814
m053,test,hi,HUMAN_B,raw,expensive,1,444,2.868
m053,test,hi,HUMAN_B,rw,cheap,1,574,0.32677
m053,test,hi,HUMAN_B,rw,mid,1,1145,0.65029
m053,test,hi,HUMAN_B,rw,expensive,1,469,3.2128900000000002
m057,train,lo,base,raw,cheap,1,164,0.07948
m057,train,lo,base,raw,mid,1,321,0.17172
m057,train,lo,base,raw,expensive,1,356,2.414
m057,train,lo,base,rw,cheap,1,329,0.22657
m057,train,lo,base,rw,mid,1,340,0.26509
m057,train,lo,base,rw,expensive,1,277,2.0170399999999997
m057,train,lo,S1_lo,raw,cheap,1,170,0.08137
m057,train,lo,S1_lo,raw,mid,1,419,0.21733
m057,train,lo,S1_lo,raw,expensive,1,253,1.79
m057,train,lo,S1_lo,rw,cheap,1,238,0.19094
m057,train,lo,S1_lo,rw,mid,1,557,0.36600999999999995
m057,train,lo,S1_lo,rw,expensive,1,348,2.44012
m057,train,lo,S1_md,raw,cheap,1,155,0.07684
m057,train,lo,S1_md,raw,mid,1,355,0.1886
m057,train,lo,S1_md,raw,expensive,1,260,1.85
m057,train,lo,S1_md,rw,cheap,1,168,0.16488
m057,train,lo,S1_md,rw,mid,1,395,0.28998
m057,train,lo,S1_md,rw,expensive,1,336,2.36453
m057,train,lo,S1_hi,raw,cheap,1,232,0.10623
m057,train,lo,S1_hi,raw,mid,1,259,0.14333
m057,train,lo,S1_hi,raw,expensive,1,433,2.886
m057,train,lo,S1_hi,rw,cheap,1,170,0.16236
m057,train,lo,S1_hi,rw,mid,1,444,0.30976
m057,train,lo,S1_hi,rw,expensive,1,258,1.88403
m057,train,lo,E2_lo,raw,cheap,1,224,0.10865
m057,train,lo,E2_lo,raw,mid,1,318,0.17766
m057,train,lo,E2_lo,raw,expensive,1,283,2.074
m057,train,lo,E2_lo,rw,cheap,1,235,0.1976
m057,train,lo,E2_lo,rw,mid,1,440,0.31882
m057,train,lo,E2_lo,rw,expensive,1,337,2.38192
m057,train,lo,E2_hi,raw,cheap,1,229,0.11926
m057,train,lo,E2_hi,raw,mid,1,305,0.18025
m057,train,lo,E2_hi,raw,expensive,1,369,2.706
m057,train,lo,E2_hi,rw,cheap,1,183,0.1862
m057,train,lo,E2_hi,rw,mid,1,360,0.2893
m057,train,lo,E2_hi,rw,expensive,1,248,1.85415
m057,train,lo,D2,raw,cheap,1,255,0.11107
m057,train,lo,D2,raw,mid,1,426,0.21777
m057,train,lo,D2,raw,expensive,1,233,1.632
m057,train,lo,D2,rw,cheap,1,292,0.22400000000000003
m057,train,lo,D2,rw,mid,1,514,0.35845
m057,train,lo,D2,rw,expensive,1,346,2.4870200000000002
m057,train,lo,D1,raw,cheap,1,167,0.07763
m057,train,lo,D1,raw,mid,1,365,0.18865
m057,train,lo,D1,raw,expensive,1,347,2.31
m057,train,lo,D1,rw,cheap,1,225,0.17203
m057,train,lo,D1,rw,mid,1,383,0.26977
m057,train,lo,D1,rw,expensive,1,373,2.5423600000000004
m057,train,lo,N1,raw,cheap,1,170,0.0841
m057,train,lo,N1,raw,mid,1,568,0.29036
m057,train,lo,N1,raw,expensive,1,267,1.914
m057,train,lo,N1,rw,cheap,1,225,0.18719999999999998
m057,train,lo,N1,rw,mid,1,487,0.33425
m057,train,lo,N1,rw,expensive,1,354,2.4717100000000003
m054,test,lo,base,raw,cheap,1,213,0.09823
m054,test,lo,base,raw,mid,1,4630,2.19575
m054,test,lo,base,raw,expensive,1,350,2.362
m054,test,lo,base,rw,cheap,0,187,0.17031000000000002
m054,test,lo,base,rw,mid,1,2722,1.3809500000000001
m054,test,lo,base,rw,expensive,1,351,2.44996
m054,test,lo,S1_lo,raw,cheap,0,291,0.12787
m054,test,lo,S1_lo,raw,mid,1,2747,1.31059
m054,test,lo,S1_lo,raw,expensive,1,633,4.058
m054,test,lo,S1_lo,rw,cheap,0,263,0.1963
m054,test,lo,S1_lo,rw,mid,1,616,0.38788
m054,test,lo,S1_lo,rw,expensive,1,422,2.86346
m054,test,lo,S1_md,raw,cheap,1,254,0.11381
m054,test,lo,S1_md,raw,mid,1,616,0.30932
m054,test,lo,S1_md,raw,expensive,1,381,2.55
m054,test,lo,S1_md,rw,cheap,1,214,0.18012
m054,test,lo,S1_md,rw,mid,1,367,0.27363
m054,test,lo,S1_md,rw,expensive,1,351,2.4476400000000003
m054,test,lo,S1_hi,raw,cheap,1,346,0.14955
m054,test,lo,S1_hi,raw,mid,1,627,0.31614
m054,test,lo,S1_hi,raw,expensive,1,340,2.326
m054,test,lo,S1_hi,rw,cheap,0,322,0.22066999999999998
m054,test,lo,S1_hi,rw,mid,1,2734,1.38529
m054,test,lo,S1_hi,rw,expensive,1,350,2.43341
m054,test,lo,E2_lo,raw,cheap,1,225,0.10916
m054,test,lo,E2_lo,raw,mid,1,3441,1.64427
m054,test,lo,E2_lo,raw,expensive,1,261,1.926
m054,test,lo,E2_lo,rw,cheap,0,493,0.29394
m054,test,lo,E2_lo,rw,mid,1,3242,1.6327
m054,test,lo,E2_lo,rw,expensive,1,344,2.41531
m054,test,lo,E2_hi,raw,cheap,0,288,0.14324
m054,test,lo,E2_hi,raw,mid,1,1454,0.71953
m054,test,lo,E2_hi,raw,expensive,1,293,2.24
m054,test,lo,E2_hi,rw,cheap,1,217,0.19821
m054,test,lo,E2_hi,rw,mid,1,3267,1.6536
m054,test,lo,E2_hi,rw,expensive,1,352,2.4724600000000003
m054,test,lo,D2,raw,cheap,1,404,0.16782
m054,test,lo,D2,raw,mid,1,645,0.3195
m054,test,lo,D2,raw,expensive,1,679,4.292
m054,test,lo,D2,rw,cheap,0,344,0.22186999999999998
m054,test,lo,D2,rw,mid,1,3218,1.60581
m054,test,lo,D2,rw,expensive,1,412,2.7929
m054,test,lo,D1,raw,cheap,1,230,0.10417
m054,test,lo,D1,raw,mid,1,2429,1.16083
m054,test,lo,D1,raw,expensive,1,386,2.572
m054,test,lo,D1,rw,cheap,0,276,0.18842
m054,test,lo,D1,rw,mid,1,1425,0.75541
m054,test,lo,D1,rw,expensive,1,383,2.57976
m054,test,lo,N1,raw,cheap,0,282,0.12783
m054,test,lo,N1,raw,mid,1,3501,1.66872
m054,test,lo,N1,raw,expensive,1,387,2.632
m054,test,lo,N1,rw,cheap,1,202,0.17961
m054,test,lo,N1,rw,mid,1,3571,1.7835800000000002
m054,test,lo,N1,rw,expensive,1,506,3.38356
m054,test,lo,HUMAN_A,raw,cheap,1,321,0.13485
m054,test,lo,HUMAN_A,raw,mid,1,1603,0.76841
m054,test,lo,HUMAN_A,raw,expensive,1,297,1.982
m054,test,lo,HUMAN_A,rw,cheap,1,328,0.23296
m054,test,lo,HUMAN_A,rw,mid,1,867,0.5180899999999999
m054,test,lo,HUMAN_A,rw,expensive,0,757,4.93565
m054,test,lo,HUMAN_B,raw,cheap,0,180,0.07633
m054,test,lo,HUMAN_B,raw,mid,0,1659,0.78933
m054,test,lo,HUMAN_B,raw,expensive,1,282,1.82
m054,test,lo,HUMAN_B,rw,cheap,1,291,0.19729999999999998
m054,test,lo,HUMAN_B,rw,mid,0,3515,1.74051
m054,test,lo,HUMAN_B,rw,expensive,1,1021,6.44756
m056,train,lo,base,raw,cheap,1,625,0.2557
m056,train,lo,base,raw,mid,1,1108,0.54161
m056,train,lo,base,raw,expensive,1,443,2.936
m056,train,lo,base,rw,cheap,0,622,0.34028
m056,train,lo,base,rw,mid,0,1638,0.87639
m056,train,lo,base,rw,expensive,1,572,3.79198
m056,train,lo,S1_lo,raw,cheap,1,428,0.18123
m056,train,lo,S1_lo,raw,mid,1,622,0.31484
m056,train,lo,S1_lo,raw,expensive,1,572,3.732
m056,train,lo,S1_lo,rw,cheap,1,562,0.31772
m056,train,lo,S1_lo,rw,mid,1,1159,0.65105
m056,train,lo,S1_lo,rw,expensive,1,506,3.39022
m056,train,lo,S1_md,raw,cheap,1,577,0.23772
m056,train,lo,S1_md,raw,mid,1,599,0.30328
m056,train,lo,S1_md,raw,expensive,1,496,3.266
m056,train,lo,S1_md,rw,cheap,1,458,0.27625
m056,train,lo,S1_md,rw,mid,1,713,0.43944
m056,train,lo,S1_md,rw,expensive,1,424,2.89253
m056,train,lo,S1_hi,raw,cheap,0,433,0.18352
m056,train,lo,S1_hi,raw,mid,1,674,0.33973
m056,train,lo,S1_hi,raw,expensive,1,563,3.684
m056,train,lo,S1_hi,rw,cheap,1,452,0.2777
m056,train,lo,S1_hi,rw,mid,1,622,0.40035
m056,train,lo,S1_hi,rw,expensive,1,377,2.62161
m056,train,lo,E2_lo,raw,cheap,1,801,0.32713
m056,train,lo,E2_lo,raw,mid,1,936,0.46497
m056,train,lo,E2_lo,raw,expensive,1,490,3.274
m056,train,lo,E2_lo,rw,cheap,1,693,0.36572
m056,train,lo,E2_lo,rw,mid,1,764,0.46361
m056,train,lo,E2_lo,rw,expensive,1,569,3.75348
m056,train,lo,E2_hi,raw,cheap,1,476,0.21234
m056,train,lo,E2_hi,raw,mid,1,763,0.39236
m056,train,lo,E2_hi,raw,expensive,1,466,3.246
m056,train,lo,E2_hi,rw,cheap,1,668,0.37186
m056,train,lo,E2_hi,rw,mid,1,638,0.42053
m056,train,lo,E2_hi,rw,expensive,1,468,3.1858199999999997
m056,train,lo,D2,raw,cheap,1,605,0.24511
m056,train,lo,D2,raw,mid,1,1020,0.49695
m056,train,lo,D2,raw,expensive,1,465,3.024
m056,train,lo,D2,rw,cheap,1,499,0.28703
m056,train,lo,D2,rw,mid,1,767,0.45999999999999996
m056,train,lo,D2,rw,expensive,1,538,3.5698600000000003
m056,train,lo,D1,raw,cheap,0,835,0.33498
m056,train,lo,D1,raw,mid,0,1383,0.67041
m056,train,lo,D1,raw,expensive,0,613,3.95
m056,train,lo,D1,rw,cheap,0,609,0.35401000000000005
m056,train,lo,D1,rw,mid,0,1676,0.9130199999999999
m056,train,lo,D1,rw,expensive,0,613,4.1141000000000005
m056,train,lo,N1,raw,cheap,1,833,0.3376
m056,train,lo,N1,raw,mid,1,720,0.3621
m056,train,lo,N1,raw,expensive,1,478,3.184
m056,train,lo,N1,rw,cheap,1,587,0.32057
m056,train,lo,N1,rw,mid,1,751,0.45305
m056,train,lo,N1,rw,expensive,1,525,3.4757800000000003
m058,train,lo,base,raw,cheap,1,216,0.10119
m058,train,lo,base,raw,mid,1,455,0.2353
m058,train,lo,base,raw,expensive,1,231,1.672
m058,train,lo,base,rw,cheap,1,230,0.19372
m058,train,lo,base,rw,mid,1,348,0.27255
m058,train,lo,base,rw,expensive,1,236,1.78399
m058,train,lo,S1_lo,raw,cheap,1,284,0.12768
m058,train,lo,S1_lo,raw,mid,1,428,0.22381
m058,train,lo,S1_lo,raw,expensive,1,229,1.676
m058,train,lo,S1_lo,rw,cheap,1,233,0.20159
m058,train,lo,S1_lo,rw,mid,1,381,0.29484
m058,train,lo,S1_lo,rw,expensive,1,243,1.84942
m058,train,lo,S1_md,raw,cheap,1,361,0.15629
m058,train,lo,S1_md,raw,mid,1,433,0.22601
m058,train,lo,S1_md,raw,expensive,1,234,1.704
m058,train,lo,S1_md,rw,cheap,1,394,0.24882
m058,train,lo,S1_md,rw,mid,1,398,0.28842
m058,train,lo,S1_md,rw,expensive,1,239,1.76846
m058,train,lo,S1_hi,raw,cheap,1,226,0.10629
m058,train,lo,S1_hi,raw,mid,1,377,0.20209
m058,train,lo,S1_hi,raw,expensive,1,227,1.694
m058,train,lo,S1_hi,rw,cheap,1,337,0.23076000000000002
m058,train,lo,S1_hi,rw,mid,1,442,0.31274
m058,train,lo,S1_hi,rw,expensive,1,245,1.8118
m058,train,lo,E2_lo,raw,cheap,1,213,0.1046
m058,train,lo,E2_lo,raw,mid,1,454,0.23903
m058,train,lo,E2_lo,raw,expensive,1,220,1.662
m058,train,lo,E2_lo,rw,cheap,1,281,0.20243
m058,train,lo,E2_lo,rw,mid,1,419,0.29462
m058,train,lo,E2_lo,rw,expensive,1,271,1.9364400000000002
m058,train,lo,E2_hi,raw,cheap,1,315,0.15207
m058,train,lo,E2_hi,raw,mid,1,382,0.21389
m058,train,lo,E2_hi,raw,expensive,1,251,1.964
m058,train,lo,E2_hi,rw,cheap,1,217,0.20387
m058,train,lo,E2_hi,rw,mid,1,407,0.31504
m058,train,lo,E2_hi,rw,expensive,1,231,1.7743
m058,train,lo,D2,raw,cheap,1,234,0.10504
m058,train,lo,D2,raw,mid,1,368,0.19111
m058,train,lo,D2,raw,expensive,1,252,1.754
m058,train,lo,D2,rw,cheap,1,397,0.25187
m058,train,lo,D2,rw,mid,1,442,0.31095
m058,train,lo,D2,rw,expensive,1,311,2.2208099999999997
m058,train,lo,D1,raw,cheap,0,175,0.08197
m058,train,lo,D1,raw,mid,0,952,0.46514
m058,train,lo,D1,raw,expensive,0,1183,7.334
m058,train,lo,D1,rw,cheap,0,200,0.14891
m058,train,lo,D1,rw,mid,0,260,0.19706
m058,train,lo,D1,rw,expensive,0,166,1.23921
m058,train,lo,N1,raw,cheap,1,230,0.10911
m058,train,lo,N1,raw,mid,1,611,0.31102
m058,train,lo,N1,raw,expensive,1,279,1.992
m058,train,lo,N1,rw,cheap,1,222,0.20993
m058,train,lo,N1,rw,mid,1,622,0.42047
m058,train,lo,N1,rw,expensive,1,287,2.15908
m060,train,lo,base,raw,cheap,1,260,0.11453
m060,train,lo,base,raw,mid,1,434,0.22273
m060,train,lo,base,raw,expensive,1,343,2.308
m060,train,lo,base,rw,cheap,1,258,0.19419999999999998
m060,train,lo,base,rw,mid,1,646,0.40247
m060,train,lo,base,rw,expensive,1,343,2.39365
m060,train,lo,S1_lo,raw,cheap,1,256,0.11275
m060,train,lo,S1_lo,raw,mid,1,492,0.24984
m060,train,lo,S1_lo,raw,expensive,1,383,2.546
m060,train,lo,S1_lo,rw,cheap,1,257,0.19307000000000002
m060,train,lo,S1_lo,rw,mid,1,434,0.30206
m060,train,lo,S1_lo,rw,expensive,1,342,2.38503
m060,train,lo,S1_md,raw,cheap,1,287,0.12622
m060,train,lo,S1_md,raw,mid,1,533,0.27181
m060,train,lo,S1_md,raw,expensive,1,373,2.522
m060,train,lo,S1_md,rw,cheap,1,257,0.19517
m060,train,lo,S1_md,rw,mid,1,535,0.35161
m060,train,lo,S1_md,rw,expensive,1,368,2.54126
m060,train,lo,S1_hi,raw,cheap,1,341,0.14557
m060,train,lo,S1_hi,raw,mid,1,475,0.24275
m060,train,lo,S1_hi,raw,expensive,1,424,2.804
m060,train,lo,S1_hi,rw,cheap,1,256,0.19312
m060,train,lo,S1_hi,rw,mid,1,533,0.34887
m060,train,lo,S1_hi,rw,expensive,1,345,2.40146
m060,train,lo,E2_lo,raw,cheap,1,259,0.1187
m060,train,lo,E2_lo,raw,mid,1,555,0.2838
m060,train,lo,E2_lo,raw,expensive,1,362,2.478
m060,train,lo,E2_lo,rw,cheap,1,256,0.19644
m060,train,lo,E2_lo,rw,mid,1,550,0.36030999999999996
m060,train,lo,E2_lo,rw,expensive,1,375,2.58491
m060,train,lo,E2_hi,raw,cheap,1,238,0.12268
m060,train,lo,E2_hi,raw,mid,1,306,0.17907
m060,train,lo,E2_hi,raw,expensive,1,428,3.038
m060,train,lo,E2_hi,rw,cheap,1,256,0.20874
m060,train,lo,E2_hi,rw,mid,1,456,0.32843
m060,train,lo,E2_hi,rw,expensive,1,373,2.58521
m060,train,lo,D2,raw,cheap,1,259,0.11116
m060,train,lo,D2,raw,mid,1,537,0.26784
m060,train,lo,D2,raw,expensive,1,391,2.552
m060,train,lo,D2,rw,cheap,1,399,0.23968
m060,train,lo,D2,rw,mid,1,716,0.42711
m060,train,lo,D2,rw,expensive,1,461,3.0785899999999997
m060,train,lo,D1,raw,cheap,1,254,0.11186
m060,train,lo,D1,raw,mid,1,589,0.29513
m060,train,lo,D1,raw,expensive,1,373,2.482
m060,train,lo,D1,rw,cheap,1,259,0.19413000000000002
m060,train,lo,D1,rw,mid,1,517,0.34138999999999997
m060,train,lo,D1,rw,expensive,1,374,2.5792
m060,train,lo,N1,raw,cheap,1,359,0.15462
m060,train,lo,N1,raw,mid,1,600,0.30345
m060,train,lo,N1,raw,expensive,1,477,3.148
m060,train,lo,N1,rw,cheap,1,383,0.26154
m060,train,lo,N1,rw,mid,1,482,0.34607
m060,train,lo,N1,rw,expensive,1,366,2.6059799999999997
m059,test,lo,base,raw,cheap,1,322,0.14017
m059,test,lo,base,raw,mid,1,422,0.21874
m059,test,lo,base,raw,expensive,1,240,1.712
m059,test,lo,base,rw,cheap,1,238,0.1936
m059,test,lo,base,rw,mid,1,385,0.28764999999999996
m059,test,lo,base,rw,expensive,1,261,1.9280000000000002
m059,test,lo,S1_lo,raw,cheap,1,247,0.11206
m059,test,lo,S1_lo,raw,mid,1,576,0.29247
m059,test,lo,S1_lo,raw,expensive,1,240,1.73
m059,test,lo,S1_lo,rw,cheap,1,248,0.19347999999999999
m059,test,lo,S1_lo,rw,mid,1,434,0.30645
m059,test,lo,S1_lo,rw,expensive,1,261,1.9071200000000001
m059,test,lo,S1_md,raw,cheap,1,234,0.1066
m059,test,lo,S1_md,raw,mid,1,366,0.19317
m059,test,lo,S1_md,raw,expensive,1,247,1.764
m059,test,lo,S1_md,rw,cheap,1,364,0.2439
m059,test,lo,S1_md,rw,mid,1,345,0.27146
m059,test,lo,S1_md,rw,expensive,1,238,1.79816
m059,test,lo,S1_hi,raw,cheap,1,214,0.09965
m059,test,lo,S1_hi,raw,mid,1,438,0.22926
m059,test,lo,S1_hi,raw,expensive,1,301,2.118
m059,test,lo,S1_hi,rw,cheap,1,379,0.25185
m059,test,lo,S1_hi,rw,mid,1,298,0.25162
m059,test,lo,S1_hi,rw,expensive,1,254,1.8964100000000002
m059,test,lo,E2_lo,raw,cheap,1,252,0.11994
m059,test,lo,E2_lo,raw,mid,1,452,0.24019
m059,test,lo,E2_lo,raw,expensive,1,257,1.912
m059,test,lo,E2_lo,rw,cheap,1,368,0.25215
m059,test,lo,E2_lo,rw,mid,1,362,0.28604999999999997
m059,test,lo,E2_lo,rw,expensive,1,239,1.81076
m059,test,lo,E2_hi,raw,cheap,1,155,0.09322
m059,test,lo,E2_hi,raw,mid,1,373,0.21221
m059,test,lo,E2_hi,raw,expensive,1,253,2.01
m059,test,lo,E2_hi,rw,cheap,1,519,0.31659
m059,test,lo,E2_hi,rw,mid,1,355,0.28881
m059,test,lo,E2_hi,rw,expensive,1,239,1.80756
m059,test,lo,D2,raw,cheap,1,247,0.10868
m059,test,lo,D2,raw,mid,1,371,0.19147
m059,test,lo,D2,raw,expensive,1,271,1.854
m059,test,lo,D2,rw,cheap,1,327,0.2314
m059,test,lo,D2,rw,mid,1,707,0.44375
m059,test,lo,D2,rw,expensive,1,355,2.52081
m059,test,lo,D1,raw,cheap,0,197,0.09202
m059,test,lo,D1,raw,mid,0,1550,0.74815
m059,test,lo,D1,raw,expensive,0,390,2.602
m059,test,lo,D1,rw,cheap,0,406,0.5037
m059,test,lo,D1,rw,mid,0,679,0.67804
m059,test,lo,D1,rw,expensive,0,419,3.8830099999999996
m059,test,lo,N1,raw,cheap,1,369,0.16063
m059,test,lo,N1,raw,mid,1,512,0.26404
m059,test,lo,N1,raw,expensive,1,273,1.95
m059,test,lo,N1,rw,cheap,0,214,0.16155
m059,test,lo,N1,rw,mid,0,352,0.24847999999999998
m059,test,lo,N1,rw,expensive,0,281,1.9447899999999998
m059,test,lo,HUMAN_A,raw,cheap,1,171,0.07642
m059,test,lo,HUMAN_A,raw,mid,1,243,0.12861
m059,test,lo,HUMAN_A,raw,expensive,1,191,1.338
m059,test,lo,HUMAN_A,rw,cheap,1,315,0.22273
m059,test,lo,HUMAN_A,rw,mid,1,504,0.34378
m059,test,lo,HUMAN_A,rw,expensive,1,275,2.0307
m059,test,lo,HUMAN_B,raw,cheap,1,166,0.07062
m059,test,lo,HUMAN_B,raw,mid,1,203,0.10531
m059,test,lo,HUMAN_B,raw,expensive,1,270,1.752
m059,test,lo,HUMAN_B,rw,cheap,1,298,0.1933
m059,test,lo,HUMAN_B,rw,mid,1,583,0.35719
m059,test,lo,HUMAN_B,rw,expensive,1,347,2.38163
m063,test,lo,base,raw,cheap,1,297,0.1256
m063,test,lo,base,raw,mid,1,322,0.16604
m063,test,lo,base,raw,expensive,1,255,1.726
m063,test,lo,base,rw,cheap,1,306,0.19172
m063,test,lo,base,rw,mid,1,442,0.28518
m063,test,lo,base,rw,expensive,1,246,1.73844
m063,test,lo,S1_lo,raw,cheap,1,333,0.13941
m063,test,lo,S1_lo,raw,mid,1,397,0.20144
m063,test,lo,S1_lo,raw,expensive,1,247,1.68
m063,test,lo,S1_lo,rw,cheap,1,371,0.21597
m063,test,lo,S1_lo,rw,mid,1,435,0.28142
m063,test,lo,S1_lo,rw,expensive,1,258,1.80812
m063,test,lo,S1_md,raw,cheap,1,298,0.12676
m063,test,lo,S1_md,raw,mid,1,344,0.17803
m063,test,lo,S1_md,raw,expensive,1,250,1.718
m063,test,lo,S1_md,rw,cheap,1,286,0.18517
m063,test,lo,S1_md,rw,mid,1,335,0.23592000000000002
m063,test,lo,S1_md,rw,expensive,1,245,1.73162
m063,test,lo,S1_hi,raw,cheap,1,276,0.11814
m063,test,lo,S1_hi,raw,mid,1,2265,1.08135
m063,test,lo,S1_hi,raw,expensive,1,424,2.768
m063,test,lo,S1_hi,rw,cheap,1,329,0.20135999999999998
m063,test,lo,S1_hi,rw,mid,1,332,0.23434
m063,test,lo,S1_hi,rw,expensive,1,260,1.8196
m063,test,lo,E2_lo,raw,cheap,1,305,0.13176
m063,test,lo,E2_lo,raw,mid,1,441,0.22572
m063,test,lo,E2_lo,raw,expensive,1,246,1.722
m063,test,lo,E2_lo,rw,cheap,1,341,0.20757
m063,test,lo,E2_lo,rw,mid,1,366,0.25197
m063,test,lo,E2_lo,rw,expensive,1,255,1.79125
m063,test,lo,E2_hi,raw,cheap,1,293,0.13812
m063,test,lo,E2_hi,raw,mid,1,350,0.1945
m063,test,lo,E2_hi,raw,expensive,1,280,2.08
m063,test,lo,E2_hi,rw,cheap,1,374,0.23165999999999998
m063,test,lo,E2_hi,rw,mid,1,330,0.24659999999999999
m063,test,lo,E2_hi,rw,expensive,1,254,1.7968
m063,test,lo,D2,raw,cheap,1,392,0.15871
m063,test,lo,D2,raw,mid,1,376,0.18812
m063,test,lo,D2,raw,expensive,1,198,1.34
m063,test,lo,D2,rw,cheap,1,330,0.20448
m063,test,lo,D2,rw,mid,1,510,0.32128
m063,test,lo,D2,rw,expensive,1,344,2.3527799999999996
m063,test,lo,D1,raw,cheap,1,298,0.12559
m063,test,lo,D1,raw,mid,1,305,0.1579
m063,test,lo,D1,raw,expensive,1,244,1.658
m063,test,lo,D1,rw,cheap,1,300,0.18722999999999998
m063,test,lo,D1,rw,mid,1,292,0.21267
m063,test,lo,D1,rw,expensive,1,227,1.61688
m063,test,lo,N1,raw,cheap,1,327,0.13869
m063,test,lo,N1,raw,mid,1,443,0.22471
m063,test,lo,N1,raw,expensive,1,262,1.792
m063,test,lo,N1,rw,cheap,1,310,0.19383999999999998
m063,test,lo,N1,rw,mid,1,346,0.24062
m063,test,lo,N1,rw,expensive,1,253,1.7772999999999999
m062,test,hi,base,raw,cheap,1,356,0.15231
m062,test,hi,base,raw,mid,1,629,0.31753
m062,test,hi,base,raw,expensive,1,381,2.578
m062,test,hi,base,rw,cheap,1,202,0.23112
m062,test,hi,base,rw,mid,1,696,0.48802
m062,test,hi,base,rw,expensive,1,368,2.78145
m062,test,hi,S1_lo,raw,cheap,1,244,0.10988
m062,test,hi,S1_lo,raw,mid,1,669,0.33648
m062,test,hi,S1_lo,raw,expensive,1,381,2.58
m062,test,hi,S1_lo,rw,cheap,1,349,0.24165999999999999
m062,test,hi,S1_lo,rw,mid,1,558,0.37619
m062,test,hi,S1_lo,rw,expensive,1,398,2.77388
m062,test,hi,S1_md,raw,cheap,1,310,0.13561
m062,test,hi,S1_md,raw,mid,1,606,0.30777
m062,test,hi,S1_md,raw,expensive,1,447,2.988
m062,test,hi,S1_md,rw,cheap,1,283,0.21808
m062,test,hi,S1_md,rw,mid,1,778,0.48111
m062,test,hi,S1_md,rw,expensive,1,397,2.7712499999999998
m062,test,hi,S1_hi,raw,cheap,1,349,0.15056
m062,test,hi,S1_hi,raw,mid,1,702,0.35424
m062,test,hi,S1_hi,raw,expensive,1,422,2.856
m062,test,hi,S1_hi,rw,cheap,1,392,0.25965
m062,test,hi,S1_hi,rw,mid,1,652,0.42200000000000004
m062,test,hi,S1_hi,rw,expensive,1,382,2.67766
m062,test,hi,E2_lo,raw,cheap,1,412,0.17996
m062,test,hi,E2_lo,raw,mid,1,608,0.31501
m062,test,hi,E2_lo,raw,expensive,1,393,2.748
m062,test,hi,E2_lo,rw,cheap,1,349,0.24826
m062,test,hi,E2_lo,rw,mid,1,639,0.42084
m062,test,hi,E2_lo,rw,expensive,1,407,2.83261
m062,test,hi,E2_hi,raw,cheap,1,251,0.12749
m062,test,hi,E2_hi,raw,mid,1,479,0.26308
m062,test,hi,E2_hi,raw,expensive,1,362,2.678
m062,test,hi,E2_hi,rw,cheap,1,349,0.25696
m062,test,hi,E2_hi,rw,mid,1,621,0.42108
m062,test,hi,E2_hi,rw,expensive,1,401,2.80531
m062,test,hi,D2,raw,cheap,1,339,0.14286
m062,test,hi,D2,raw,mid,1,374,0.19438
m062,test,hi,D2,raw,expensive,1,378,2.516
m062,test,hi,D2,rw,cheap,1,410,0.28293999999999997
m062,test,hi,D2,rw,mid,1,707,0.46570999999999996
m062,test,hi,D2,rw,expensive,1,700,4.673819999999999
m062,test,hi,D1,raw,cheap,1,406,0.17079
m062,test,hi,D1,raw,mid,1,778,0.38696
m062,test,hi,D1,raw,expensive,1,401,2.69
m062,test,hi,D1,rw,cheap,1,370,0.24396
m062,test,hi,D1,rw,mid,1,589,0.38505
m062,test,hi,D1,rw,expensive,1,376,2.6213699999999998
m062,test,hi,N1,raw,cheap,1,292,0.13072
m062,test,hi,N1,raw,mid,1,593,0.30331
m062,test,hi,N1,raw,expensive,1,476,3.184
m062,test,hi,N1,rw,cheap,1,243,0.28359999999999996
m062,test,hi,N1,rw,mid,1,570,0.46684000000000003
m062,test,hi,N1,rw,expensive,1,254,2.24094
m062,test,hi,HUMAN_A,raw,cheap,1,319,0.13331
m062,test,hi,HUMAN_A,raw,mid,1,566,0.28267
m062,test,hi,HUMAN_A,raw,expensive,1,401,2.628
m062,test,hi,HUMAN_A,rw,cheap,1,301,0.21095
m062,test,hi,HUMAN_A,rw,mid,1,602,0.38403
m062,test,hi,HUMAN_A,rw,expensive,1,494,3.31484
m062,test,hi,HUMAN_B,raw,cheap,1,259,0.10843
m062,test,hi,HUMAN_B,raw,mid,1,1638,0.78321
m062,test,hi,HUMAN_B,raw,expensive,0,609,3.832
m062,test,hi,HUMAN_B,rw,cheap,1,367,0.22519
m062,test,hi,HUMAN_B,rw,mid,1,1212,0.65937
m062,test,hi,HUMAN_B,rw,expensive,1,630,4.09543
m064,test,hi,base,raw,cheap,1,201,0.09913
m064,test,hi,base,raw,mid,1,382,0.20549
m064,test,hi,base,raw,expensive,1,179,1.42
m064,test,hi,base,rw,cheap,1,220,0.21495
m064,test,hi,base,rw,mid,1,798,0.50963
m064,test,hi,base,rw,expensive,1,242,1.90847
m064,test,hi,S1_lo,raw,cheap,0,268,0.12537
m064,test,hi,S1_lo,raw,mid,1,351,0.19287
m064,test,hi,S1_lo,raw,expensive,1,251,1.878
m064,test,hi,S1_lo,rw,cheap,1,213,0.21364
m064,test,hi,S1_lo,rw,mid,1,395,0.32155
m064,test,hi,S1_lo,rw,expensive,1,214,1.7399499999999999
m064,test,hi,S1_md,raw,cheap,0,258,0.12183
m064,test,hi,S1_md,raw,mid,1,355,0.19535
m064,test,hi,S1_md,raw,expensive,1,237,1.802
m064,test,hi,S1_md,rw,cheap,1,212,0.21386
m064,test,hi,S1_md,rw,mid,1,312,0.28314
m064,test,hi,S1_md,rw,expensive,1,214,1.7405499999999998
m064,test,hi,S1_hi,raw,cheap,0,290,0.13555
m064,test,hi,S1_hi,raw,mid,1,279,0.16248
m064,test,hi,S1_hi,raw,expensive,1,221,1.744
m064,test,hi,S1_hi,rw,cheap,0,271,0.23415
m064,test,hi,S1_hi,rw,mid,1,941,0.57728
m064,test,hi,S1_hi,rw,expensive,1,287,2.16411
m064,test,hi,E2_lo,raw,cheap,1,151,0.08325
m064,test,hi,E2_lo,raw,mid,1,403,0.21911
m064,test,hi,E2_lo,raw,expensive,1,179,1.47
m064,test,hi,E2_lo,rw,cheap,1,226,0.22098
m064,test,hi,E2_lo,rw,mid,1,692,0.46355999999999997
m064,test,hi,E2_lo,rw,expensive,1,202,1.67222
m064,test,hi,E2_hi,raw,cheap,1,151,0.09521
m064,test,hi,E2_hi,raw,mid,1,439,0.24833
m064,test,hi,E2_hi,raw,expensive,1,253,2.078
m064,test,hi,E2_hi,rw,cheap,1,220,0.2304
m064,test,hi,E2_hi,rw,mid,1,489,0.37983
m064,test,hi,E2_hi,rw,expensive,1,181,1.55605
m064,test,hi,D2,raw,cheap,1,193,0.0931
m064,test,hi,D2,raw,mid,1,450,0.23415
m064,test,hi,D2,raw,expensive,1,256,1.838
m064,test,hi,D2,rw,cheap,1,367,0.24092999999999998
m064,test,hi,D2,rw,mid,1,739,0.45193999999999995
m064,test,hi,D2,rw,expensive,1,392,2.69896
m064,test,hi,D1,raw,cheap,1,219,0.10311
m064,test,hi,D1,raw,mid,1,756,0.37812
m064,test,hi,D1,raw,expensive,1,179,1.378
m064,test,hi,D1,rw,cheap,1,175,0.15865
m064,test,hi,D1,rw,mid,1,231,0.20340999999999998
m064,test,hi,D1,rw,expensive,1,172,1.33959
m064,test,hi,N1,raw,cheap,1,179,0.09389
m064,test,hi,N1,raw,mid,1,473,0.25171
m064,test,hi,N1,raw,expensive,1,179,1.466
m064,test,hi,N1,rw,cheap,1,244,0.24119000000000002
m064,test,hi,N1,rw,mid,1,492,0.38352
m064,test,hi,N1,rw,expensive,1,262,2.08873
m061,test,lo,base,raw,cheap,0,426,0.17943
m061,test,lo,base,raw,mid,0,1829,0.88003
m061,test,lo,base,raw,expensive,1,363,2.45
m061,test,lo,base,rw,cheap,0,688,0.37278999999999995
m061,test,lo,base,rw,mid,0,1880,0.99836
m061,test,lo,base,rw,expensive,0,2430,14.97411
m061,test,lo,S1_lo,raw,cheap,1,347,0.14967
m061,test,lo,S1_lo,raw,mid,1,1530,0.74055
m061,test,lo,S1_lo,raw,expensive,1,666,4.282
m061,test,lo,S1_lo,rw,cheap,1,278,0.2099
m061,test,lo,S1_lo,rw,mid,1,780,0.47373
m061,test,lo,S1_lo,rw,expensive,1,377,2.62258
m061,test,lo,S1_md,raw,cheap,1,351,0.15093
m061,test,lo,S1_md,raw,mid,1,1703,0.82186
m061,test,lo,S1_md,raw,expensive,1,430,2.866
m061,test,lo,S1_md,rw,cheap,1,312,0.22149
m061,test,lo,S1_md,rw,mid,1,904,0.53077
m061,test,lo,S1_md,rw,expensive,1,380,2.63564
m061,test,lo,S1_hi,raw,cheap,0,386,0.16514
m061,test,lo,S1_hi,raw,mid,1,1516,0.73517
m061,test,lo,S1_hi,raw,expensive,1,415,2.792
m061,test,lo,S1_hi,rw,cheap,1,352,0.2429
m061,test,lo,S1_hi,rw,mid,1,1662,0.89381
m061,test,lo,S1_hi,rw,expensive,1,500,3.37907
m061,test,lo,E2_lo,raw,cheap,1,484,0.20459
m061,test,lo,E2_lo,raw,mid,1,2380,1.14275
m061,test,lo,E2_lo,raw,expensive,1,378,2.59
m061,test,lo,E2_lo,rw,cheap,1,242,0.2008
m061,test,lo,E2_lo,rw,mid,1,1319,0.73224
m061,test,lo,E2_lo,rw,expensive,1,402,2.78516
m061,test,lo,E2_hi,raw,cheap,1,657,0.28125
m061,test,lo,E2_hi,raw,mid,1,7911,3.75387
m061,test,lo,E2_hi,raw,expensive,0,461,3.242
m061,test,lo,E2_hi,rw,cheap,1,349,0.24041
m061,test,lo,E2_hi,rw,mid,1,1160,0.6560400000000001
m061,test,lo,E2_hi,rw,expensive,1,406,2.76884
m061,test,lo,D2,raw,cheap,1,1144,0.44928
m061,test,lo,D2,raw,mid,1,537,0.26949
m061,test,lo,D2,raw,expensive,1,1042,6.48
m061,test,lo,D2,rw,cheap,1,372,0.24456
m061,test,lo,D2,rw,mid,0,3021,1.52699
m061,test,lo,D2,rw,expensive,1,509,3.42752
m061,test,lo,D1,raw,cheap,1,362,0.15459
m061,test,lo,D1,raw,mid,1,643,0.32216
m061,test,lo,D1,raw,expensive,1,385,2.576
m061,test,lo,D1,rw,cheap,1,367,0.24530000000000002
m061,test,lo,D1,rw,mid,1,3245,1.6345
m061,test,lo,D1,rw,expensive,1,781,5.059900000000001
m061,test,lo,N1,raw,cheap,1,371,0.161
m061,test,lo,N1,raw,mid,0,3476,1.65667
m061,test,lo,N1,raw,expensive,1,786,5.022
m061,test,lo,N1,rw,cheap,1,244,0.21969
m061,test,lo,N1,rw,mid,1,1204,0.69683
m061,test,lo,N1,rw,expensive,1,408,2.899
m061,test,lo,HUMAN_A,raw,cheap,1,272,0.1161
m061,test,lo,HUMAN_A,raw,mid,0,5207,2.46319
m061,test,lo,HUMAN_A,raw,expensive,1,315,2.102
m061,test,lo,HUMAN_A,rw,cheap,0,365,0.23088999999999998
m061,test,lo,HUMAN_A,rw,mid,0,713,0.43049
m061,test,lo,HUMAN_A,rw,expensive,1,1469,9.14433
m061,test,lo,HUMAN_B,raw,cheap,0,831,0.32644
m061,test,lo,HUMAN_B,raw,mid,0,2384,1.13368
m061,test,lo,HUMAN_B,raw,expensive,0,2370,14.396
m061,test,lo,HUMAN_B,rw,cheap,0,457,0.26122
m061,test,lo,HUMAN_B,rw,mid,0,2021,1.0406900000000001
m061,test,lo,HUMAN_B,rw,expensive,0,1057,6.66222
m066,train,hi,base,raw,cheap,0,343,0.14776
m066,train,hi,base,raw,mid,1,401,0.20917
m066,train,hi,base,raw,expensive,1,299,2.07
m066,train,hi,base,rw,cheap,1,297,0.23504999999999998
m066,train,hi,base,rw,mid,1,631,0.42279
m066,train,hi,base,rw,expensive,1,275,2.08887
m066,train,hi,S1_lo,raw,cheap,0,286,0.12662
m066,train,hi,S1_lo,raw,mid,1,354,0.18798
m066,train,hi,S1_lo,raw,expensive,1,295,2.058
m066,train,hi,S1_lo,rw,cheap,0,348,0.25451999999999997
m066,train,hi,S1_lo,rw,mid,0,507,0.36417
m066,train,hi,S1_lo,rw,expensive,0,309,2.2888300000000004
m066,train,hi,S1_md,raw,cheap,0,416,0.17615
m066,train,hi,S1_md,raw,mid,1,654,0.32958
m066,train,hi,S1_md,raw,expensive,1,340,2.336
m066,train,hi,S1_md,rw,cheap,0,318,0.23420000000000002
m066,train,hi,S1_md,rw,mid,1,1342,0.74792
m066,train,hi,S1_md,rw,expensive,1,438,3.02638
m066,train,hi,S1_hi,raw,cheap,0,294,0.12992
m066,train,hi,S1_hi,raw,mid,0,1659,0.80223
m066,train,hi,S1_hi,raw,expensive,0,524,3.444
m066,train,hi,S1_hi,rw,cheap,0,268,0.20616
m066,train,hi,S1_hi,rw,mid,0,719,0.44549
m066,train,hi,S1_hi,rw,expensive,1,284,2.06316
m066,train,hi,E2_lo,raw,cheap,0,264,0.12229
m066,train,hi,E2_lo,raw,mid,0,424,0.22418
m066,train,hi,E2_lo,raw,expensive,1,333,2.33
m066,train,hi,E2_lo,rw,cheap,1,277,0.22552
m066,train,hi,E2_lo,rw,mid,1,449,0.33525
m066,train,hi,E2_lo,rw,expensive,1,256,1.9543700000000002
m066,train,hi,E2_hi,raw,cheap,0,235,0.11998
m066,train,hi,E2_hi,raw,mid,1,461,0.25027
m066,train,hi,E2_hi,raw,expensive,1,428,3.016
m066,train,hi,E2_hi,rw,cheap,0,298,0.22986
m066,train,hi,E2_hi,rw,mid,0,371,0.29427
m066,train,hi,E2_hi,rw,expensive,1,294,2.1392
m066,train,hi,D2,raw,cheap,0,330,0.13983
m066,train,hi,D2,raw,mid,0,730,0.3605
m066,train,hi,D2,raw,expensive,1,352,2.344
m066,train,hi,D2,rw,cheap,0,292,0.20705
m066,train,hi,D2,rw,mid,0,521,0.34423
m066,train,hi,D2,rw,expensive,1,378,2.6097099999999998
m066,train,hi,D1,raw,cheap,0,932,0.36768
m066,train,hi,D1,raw,mid,0,360,0.1854
m066,train,hi,D1,raw,expensive,1,288,1.944
m066,train,hi,D1,rw,cheap,0,334,0.20809
m066,train,hi,D1,rw,mid,0,423,0.28332999999999997
m066,train,hi,D1,rw,expensive,0,230,1.6661700000000002
m066,train,hi,N1,raw,cheap,0,293,0.13162
m066,train,hi,N1,raw,mid,1,564,0.28908
m066,train,hi,N1,raw,expensive,1,304,2.144
m066,train,hi,N1,rw,cheap,1,452,0.30664
m066,train,hi,N1,rw,mid,1,421,0.33669
m066,train,hi,N1,rw,expensive,1,329,2.45322
m067,train,hi,base,raw,cheap,1,278,0.1306
m067,train,hi,base,raw,mid,1,574,0.29753
m067,train,hi,base,raw,expensive,1,290,2.11
m067,train,hi,base,rw,cheap,1,348,0.27264
m067,train,hi,base,rw,mid,1,344,0.30487
m067,train,hi,base,rw,expensive,1,533,3.68344
m067,train,hi,S1_lo,raw,cheap,0,408,0.18091
m067,train,hi,S1_lo,raw,mid,1,561,0.29292
m067,train,hi,S1_lo,raw,expensive,1,304,2.214
m067,train,hi,S1_lo,rw,cheap,0,313,0.25925
m067,train,hi,S1_lo,rw,mid,1,1057,0.64024
m067,train,hi,S1_lo,rw,expensive,1,284,2.186
m067,train,hi,S1_md,raw,cheap,1,348,0.15863
m067,train,hi,S1_md,raw,mid,1,345,0.19245
m067,train,hi,S1_md,raw,expensive,1,261,1.97
m067,train,hi,S1_md,rw,cheap,1,389,0.29137
m067,train,hi,S1_md,rw,mid,1,435,0.35081
m067,train,hi,S1_md,rw,expensive,1,258,2.0384599999999997
m067,train,hi,S1_hi,raw,cheap,0,353,0.16105
m067,train,hi,S1_hi,raw,mid,1,816,0.41592
m067,train,hi,S1_hi,raw,expensive,1,626,4.188
m067,train,hi,S1_hi,rw,cheap,0,333,0.27112
m067,train,hi,S1_hi,rw,mid,1,426,0.34743999999999997
m067,train,hi,S1_hi,rw,expensive,1,304,2.31162
m067,train,hi,E2_lo,raw,cheap,1,234,0.12025
m067,train,hi,E2_lo,raw,mid,1,284,0.16858
m067,train,hi,E2_lo,raw,expensive,1,259,2.022
m067,train,hi,E2_lo,rw,cheap,1,276,0.25263
m067,train,hi,E2_lo,rw,mid,1,448,0.3611
m067,train,hi,E2_lo,rw,expensive,0,375,2.7427900000000003
m067,train,hi,E2_hi,raw,cheap,1,235,0.12934
m067,train,hi,E2_hi,raw,mid,1,366,0.21582
m067,train,hi,E2_hi,raw,expensive,1,254,2.108
m067,train,hi,E2_hi,rw,cheap,1,387,0.30351
m067,train,hi,E2_hi,rw,mid,1,537,0.41163
m067,train,hi,E2_hi,rw,expensive,1,263,2.07949
m067,train,hi,D2,raw,cheap,1,325,0.14547
m067,train,hi,D2,raw,mid,1,352,0.18989
m067,train,hi,D2,raw,expensive,1,271,1.952
m067,train,hi,D2,rw,cheap,0,409,0.2902
m067,train,hi,D2,rw,mid,1,666,0.45105
m067,train,hi,D2,rw,expensive,1,526,3.63073
m067,train,hi,D1,raw,cheap,1,366,0.16183
m067,train,hi,D1,raw,mid,1,354,0.19218
m067,train,hi,D1,raw,expensive,0,347,2.426
m067,train,hi,D1,rw,cheap,0,329,0.24975000000000003
m067,train,hi,D1,rw,mid,1,721,0.46647
m067,train,hi,D1,rw,expensive,1,558,3.77715
m067,train,hi,N1,raw,cheap,1,256,0.12497
m067,train,hi,N1,raw,mid,1,376,0.20717
m067,train,hi,N1,raw,expensive,1,310,2.266
m067,train,hi,N1,rw,cheap,1,260,0.25202
m067,train,hi,N1,rw,mid,1,451,0.36778
m067,train,hi,N1,rw,expensive,1,289,2.26166
m065,test,lo,base,raw,cheap,1,224,0.1015
m065,test,lo,base,raw,mid,0,379,0.19658
m065,test,lo,base,raw,expensive,0,248,1.734
m065,test,lo,base,rw,cheap,1,206,0.17165999999999998
m065,test,lo,base,rw,mid,0,540,0.34925
m065,test,lo,base,rw,expensive,1,258,1.871
m065,test,lo,S1_lo,raw,cheap,1,316,0.13672
m065,test,lo,S1_lo,raw,mid,0,531,0.26832
m065,test,lo,S1_lo,raw,expensive,1,303,2.068
m065,test,lo,S1_lo,rw,cheap,0,271,0.19859
m065,test,lo,S1_lo,rw,mid,0,390,0.28091
m065,test,lo,S1_lo,rw,expensive,0,279,2.0047099999999998
m065,test,lo,S1_md,raw,cheap,1,291,0.12709
m065,test,lo,S1_md,raw,mid,0,642,0.32139
m065,test,lo,S1_md,raw,expensive,1,284,1.966
m065,test,lo,S1_md,rw,cheap,0,258,0.21049
m065,test,lo,S1_md,rw,mid,0,490,0.34554999999999997
m065,test,lo,S1_md,rw,expensive,0,254,1.9223000000000001
m065,test,lo,S1_hi,raw,cheap,1,282,0.12523
m065,test,lo,S1_hi,raw,mid,1,380,0.1996
m065,test,lo,S1_hi,raw,expensive,1,381,2.566
m065,test,lo,S1_hi,rw,cheap,0,273,0.2022
m065,test,lo,S1_hi,rw,mid,0,358,0.26874
m065,test,lo,S1_hi,rw,expensive,0,268,1.9434300000000002
m065,test,lo,E2_lo,raw,cheap,1,264,0.12307
m065,test,lo,E2_lo,raw,mid,0,311,0.17197
m065,test,lo,E2_lo,raw,expensive,1,289,2.078
m065,test,lo,E2_lo,rw,cheap,0,345,0.22278
m065,test,lo,E2_lo,rw,mid,1,4213,2.07423
m065,test,lo,E2_lo,rw,expensive,0,511,3.36177
m065,test,lo,E2_hi,raw,cheap,1,217,0.11392
m065,test,lo,E2_hi,raw,mid,1,261,0.15717
m065,test,lo,E2_hi,raw,expensive,1,281,2.146
m065,test,lo,E2_hi,rw,cheap,1,211,0.18961
m065,test,lo,E2_hi,rw,mid,0,403,0.30091
m065,test,lo,E2_hi,rw,expensive,1,295,2.10905
m065,test,lo,D2,raw,cheap,0,285,0.12169
m065,test,lo,D2,raw,mid,0,411,0.20832
m065,test,lo,D2,raw,expensive,1,293,1.96
m065,test,lo,D2,rw,cheap,0,332,0.20479000000000003
m065,test,lo,D2,rw,mid,0,805,0.45934
m065,test,lo,D2,rw,expensive,0,778,4.94324
m065,test,lo,D1,raw,cheap,1,206,0.09466
m065,test,lo,D1,raw,mid,0,444,0.22713
m065,test,lo,D1,raw,expensive,1,213,1.524
m065,test,lo,D1,rw,cheap,1,207,0.17204
m065,test,lo,D1,rw,mid,0,395,0.2811
m065,test,lo,D1,rw,expensive,0,257,1.865
m065,test,lo,N1,raw,cheap,1,263,0.11879
m065,test,lo,N1,raw,mid,0,485,0.24925
m065,test,lo,N1,raw,expensive,1,255,1.814
m065,test,lo,N1,rw,cheap,0,296,0.2193
m065,test,lo,N1,rw,mid,0,537,0.36123000000000005
m065,test,lo,N1,rw,expensive,0,251,1.87384
m069,test,hi,base,raw,cheap,1,246,0.11181
m069,test,hi,base,raw,mid,1,303,0.16371
m069,test,hi,base,raw,expensive,1,321,2.21
m069,test,hi,base,rw,cheap,1,303,0.22837999999999997
m069,test,hi,base,rw,mid,1,459,0.33200999999999997
m069,test,hi,base,rw,expensive,1,242,1.84948
m069,test,hi,S1_lo,raw,cheap,1,229,0.10574
m069,test,hi,S1_lo,raw,mid,1,534,0.27273
m069,test,hi,S1_lo,raw,expensive,1,253,1.808
m069,test,hi,S1_lo,rw,cheap,1,214,0.19368000000000002
m069,test,hi,S1_lo,rw,mid,1,383,0.2955
m069,test,hi,S1_lo,rw,expensive,1,242,1.84499
m069,test,hi,S1_md,raw,cheap,1,228,0.1051
m069,test,hi,S1_md,raw,mid,1,310,0.1673
m069,test,hi,S1_md,raw,expensive,1,251,1.794
m069,test,hi,S1_md,rw,cheap,1,186,0.19056
m069,test,hi,S1_md,rw,mid,1,390,0.3067
m069,test,hi,S1_md,rw,expensive,1,234,1.82895
m069,test,hi,S1_hi,raw,cheap,1,284,0.12755
m069,test,hi,S1_hi,raw,mid,1,385,0.20525
m069,test,hi,S1_hi,raw,expensive,1,244,1.788
m069,test,hi,S1_hi,rw,cheap,1,290,0.22597
m069,test,hi,S1_hi,rw,mid,1,450,0.33016
m069,test,hi,S1_hi,rw,expensive,1,244,1.86201
m069,test,hi,E2_lo,raw,cheap,1,243,0.11704
m069,test,hi,E2_lo,raw,mid,1,336,0.18657
m069,test,hi,E2_lo,raw,expensive,1,241,1.828
m069,test,hi,E2_lo,rw,cheap,1,277,0.22572
m069,test,hi,E2_lo,rw,mid,1,331,0.2792
m069,test,hi,E2_lo,rw,expensive,1,209,1.65883
m069,test,hi,E2_hi,raw,cheap,1,188,0.10628
m069,test,hi,E2_hi,raw,mid,1,358,0.20606
m069,test,hi,E2_hi,raw,expensive,1,256,2.04
m069,test,hi,E2_hi,rw,cheap,1,195,0.20251
m069,test,hi,E2_hi,rw,mid,1,380,0.31013999999999997
m069,test,hi,E2_hi,rw,expensive,1,242,1.86104
m069,test,hi,D2,raw,cheap,1,225,0.10084
m069,test,hi,D2,raw,mid,1,344,0.17968
m069,test,hi,D2,raw,expensive,1,309,2.094
m069,test,hi,D2,rw,cheap,1,284,0.20753
m069,test,hi,D2,rw,mid,1,431,0.30501
m069,test,hi,D2,rw,expensive,1,324,2.29619
m069,test,hi,D1,raw,cheap,1,253,0.11395
m069,test,hi,D1,raw,mid,1,514,0.26228
m069,test,hi,D1,raw,expensive,1,240,1.716
m069,test,hi,D1,rw,cheap,0,139,0.20385999999999999
m069,test,hi,D1,rw,mid,1,345,0.31751
m069,test,hi,D1,rw,expensive,1,176,1.61096
m069,test,hi,N1,raw,cheap,1,172,0.08707
m069,test,hi,N1,raw,mid,1,594,0.30378
m069,test,hi,N1,raw,expensive,1,309,2.182
m069,test,hi,N1,rw,cheap,1,253,0.22593
m069,test,hi,N1,rw,mid,1,382,0.31214
m069,test,hi,N1,rw,expensive,1,255,1.9826499999999998
m068,train,hi,base,raw,cheap,1,262,0.12088
m068,train,hi,base,raw,mid,1,431,0.22747
m068,train,hi,base,raw,expensive,1,290,2.072
m068,train,hi,base,rw,cheap,1,273,0.21539
m068,train,hi,base,rw,mid,1,446,0.32454
m068,train,hi,base,rw,expensive,1,315,2.27132
m068,train,hi,S1_lo,raw,cheap,1,238,0.11241
m068,train,hi,S1_lo,raw,mid,1,450,0.23775
m068,train,hi,S1_lo,raw,expensive,1,287,2.072
m068,train,hi,S1_lo,rw,cheap,1,240,0.24992999999999999
m068,train,hi,S1_lo,rw,mid,1,387,0.34528000000000003
m068,train,hi,S1_lo,rw,expensive,1,204,1.79439
m068,train,hi,S1_md,raw,cheap,0,627,0.26062
m068,train,hi,S1_md,raw,mid,1,539,0.28003
m068,train,hi,S1_md,raw,expensive,1,293,2.114
m068,train,hi,S1_md,rw,cheap,1,213,0.21252
m068,train,hi,S1_md,rw,mid,1,473,0.35763
m068,train,hi,S1_md,rw,expensive,1,353,2.5752200000000003
m068,train,hi,S1_hi,raw,cheap,1,406,0.17716
m068,train,hi,S1_hi,raw,mid,1,447,0.23859
m068,train,hi,S1_hi,raw,expensive,1,440,3.02
m068,train,hi,S1_hi,rw,cheap,1,186,0.40349
m068,train,hi,S1_hi,rw,mid,1,580,0.61432
m068,train,hi,S1_hi,rw,expensive,1,405,3.70412
m068,train,hi,E2_lo,raw,cheap,1,328,0.14908
m068,train,hi,E2_lo,raw,mid,1,429,0.23028
m068,train,hi,E2_lo,raw,expensive,1,289,2.116
m068,train,hi,E2_lo,rw,cheap,1,263,0.22867
m068,train,hi,E2_lo,rw,mid,1,404,0.32219
m068,train,hi,E2_lo,rw,expensive,1,285,2.1494099999999996
m068,train,hi,E2_hi,raw,cheap,1,212,0.11514
m068,train,hi,E2_hi,raw,mid,1,395,0.22345
m068,train,hi,E2_hi,raw,expensive,1,405,2.934
m068,train,hi,E2_hi,rw,cheap,1,263,0.23782
m068,train,hi,E2_hi,rw,mid,1,488,0.37082
m068,train,hi,E2_hi,rw,expensive,1,285,2.1585599999999996
m068,train,hi,D2,raw,cheap,0,274,0.12245
m068,train,hi,D2,raw,mid,1,465,0.24015
m068,train,hi,D2,raw,expensive,1,281,1.974
m068,train,hi,D2,rw,cheap,1,270,0.22008
m068,train,hi,D2,rw,mid,1,546,0.37754
m068,train,hi,D2,rw,expensive,1,346,2.49107
m068,train,hi,D1,raw,cheap,1,226,0.10668
m068,train,hi,D1,raw,mid,1,524,0.27058
m068,train,hi,D1,raw,expensive,1,285,2.034
m068,train,hi,D1,rw,cheap,1,265,0.26387000000000005
m068,train,hi,D1,rw,mid,1,422,0.36597999999999997
m068,train,hi,D1,rw,expensive,1,227,1.95514
m068,train,hi,N1,raw,cheap,1,266,0.125
m068,train,hi,N1,raw,mid,1,566,0.29392
m068,train,hi,N1,raw,expensive,1,315,2.262
m068,train,hi,N1,rw,cheap,1,265,0.23108
m068,train,hi,N1,rw,mid,1,434,0.33802
m068,train,hi,N1,rw,expensive,1,292,2.20054
m071,test,lo,base,raw,cheap,0,213,0.09511
m071,test,lo,base,raw,mid,1,293,0.15436
m071,test,lo,base,raw,expensive,1,246,1.698
m071,test,lo,base,rw,cheap,1,236,0.20079999999999998
m071,test,lo,base,rw,mid,1,482,0.34065
m071,test,lo,base,rw,expensive,1,278,2.07071
m071,test,lo,S1_lo,raw,cheap,0,227,0.10043
m071,test,lo,S1_lo,raw,mid,1,305,0.16
m071,test,lo,S1_lo,raw,expensive,1,257,1.764
m071,test,lo,S1_lo,rw,cheap,1,194,0.18338
m071,test,lo,S1_lo,rw,mid,1,481,0.33894
m071,test,lo,S1_lo,rw,expensive,1,273,2.03577
m071,test,lo,S1_md,raw,cheap,1,183,0.08332
m071,test,lo,S1_md,raw,mid,1,297,0.15669
m071,test,lo,S1_md,raw,expensive,1,282,1.92
m071,test,lo,S1_md,rw,cheap,1,240,0.22218
m071,test,lo,S1_md,rw,mid,1,338,0.29388
m071,test,lo,S1_md,rw,expensive,1,263,2.06267
m071,test,lo,S1_hi,raw,cheap,1,572,0.23283
m071,test,lo,S1_hi,raw,mid,0,517,0.26249
m071,test,lo,S1_hi,raw,expensive,1,421,2.786
m071,test,lo,S1_hi,rw,cheap,0,190,0.15171
m071,test,lo,S1_hi,rw,mid,1,3293,1.62933
m071,test,lo,S1_hi,rw,expensive,1,311,2.13077
m071,test,lo,E2_lo,raw,cheap,1,196,0.09502
m071,test,lo,E2_lo,raw,mid,1,330,0.1791
m071,test,lo,E2_lo,raw,expensive,1,228,1.688
m071,test,lo,E2_lo,rw,cheap,1,201,0.19458999999999999
m071,test,lo,E2_lo,rw,mid,1,403,0.31087
m071,test,lo,E2_lo,rw,expensive,1,293,2.1680599999999997
m071,test,lo,E2_hi,raw,cheap,1,192,0.10221
m071,test,lo,E2_hi,raw,mid,1,187,0.12059
m071,test,lo,E2_hi,raw,expensive,1,267,2.038
m071,test,lo,E2_hi,rw,cheap,1,243,0.22272
m071,test,lo,E2_hi,rw,mid,1,530,0.38298
m071,test,lo,E2_hi,rw,expensive,1,285,2.1435799999999996
m071,test,lo,D2,raw,cheap,1,216,0.09326
m071,test,lo,D2,raw,mid,1,298,0.15341
m071,test,lo,D2,raw,expensive,1,223,1.516
m071,test,lo,D2,rw,cheap,0,289,0.20705
m071,test,lo,D2,rw,mid,1,504,0.33715
m071,test,lo,D2,rw,expensive,1,387,2.67942
m071,test,lo,D1,raw,cheap,1,145,0.06888
m071,test,lo,D1,raw,mid,1,282,0.14874
m071,test,lo,D1,raw,expensive,1,244,1.68
m071,test,lo,D1,rw,cheap,1,249,0.20542
m071,test,lo,D1,rw,mid,1,365,0.28521
m071,test,lo,D1,rw,expensive,1,317,2.30426
m071,test,lo,N1,raw,cheap,1,249,0.11074
m071,test,lo,N1,raw,mid,1,350,0.1831
m071,test,lo,N1,raw,expensive,1,264,1.832
m071,test,lo,N1,rw,cheap,1,213,0.19041000000000002
m071,test,lo,N1,rw,mid,1,396,0.29846
m071,test,lo,N1,rw,expensive,1,256,1.92584
m070,test,lo,base,raw,cheap,1,412,0.17372
m070,test,lo,base,raw,mid,1,440,0.2263
m070,test,lo,base,raw,expensive,1,354,2.384
m070,test,lo,base,rw,cheap,1,412,0.25772
m070,test,lo,base,rw,mid,1,397,0.28991
m070,test,lo,base,rw,expensive,1,284,2.05522
m070,test,lo,S1_lo,raw,cheap,1,482,0.20045
m070,test,lo,S1_lo,raw,mid,1,460,0.23645
m070,test,lo,S1_lo,raw,expensive,1,298,2.058
m070,test,lo,S1_lo,rw,cheap,1,360,0.23605
m070,test,lo,S1_lo,rw,mid,1,435,0.30604
m070,test,lo,S1_lo,rw,expensive,1,275,1.99209
m070,test,lo,S1_md,raw,cheap,0,312,0.13637
m070,test,lo,S1_md,raw,mid,1,401,0.20872
m070,test,lo,S1_md,raw,expensive,1,290,2.01
m070,test,lo,S1_md,rw,cheap,1,447,0.27151000000000003
m070,test,lo,S1_md,rw,mid,1,423,0.30288
m070,test,lo,S1_md,rw,expensive,1,283,2.04997
m070,test,lo,S1_hi,raw,cheap,1,442,0.18629
m070,test,lo,S1_hi,raw,mid,1,453,0.23361
m070,test,lo,S1_hi,raw,expensive,1,290,2.016
m070,test,lo,S1_hi,rw,cheap,0,371,0.24694
m070,test,lo,S1_hi,rw,mid,1,475,0.33149
m070,test,lo,S1_hi,rw,expensive,1,328,2.33524
m070,test,lo,E2_lo,raw,cheap,1,482,0.20487
m070,test,lo,E2_lo,raw,mid,1,514,0.26528
m070,test,lo,E2_lo,raw,expensive,1,302,2.128
m070,test,lo,E2_lo,rw,cheap,0,432,0.26913
m070,test,lo,E2_lo,rw,mid,1,449,0.31855
m070,test,lo,E2_lo,rw,expensive,1,301,2.1614199999999997
m070,test,lo,E2_hi,raw,cheap,0,316,0.15375
m070,test,lo,E2_hi,raw,mid,1,341,0.19627
m070,test,lo,E2_hi,raw,expensive,1,295,2.25
m070,test,lo,E2_hi,rw,cheap,0,322,0.23796
m070,test,lo,E2_hi,rw,mid,1,420,0.31536
m070,test,lo,E2_hi,rw,expensive,1,265,1.95031
m070,test,lo,D2,raw,cheap,0,512,0.20873
m070,test,lo,D2,raw,mid,1,471,0.23757
m070,test,lo,D2,raw,expensive,1,313,2.094
m070,test,lo,D2,rw,cheap,1,465,0.2689
m070,test,lo,D2,rw,mid,1,495,0.32709
m070,test,lo,D2,rw,expensive,1,327,2.28769
m070,test,lo,D1,raw,cheap,0,417,0.17523
m070,test,lo,D1,raw,mid,0,427,0.21974
m070,test,lo,D1,raw,expensive,0,293,2.012
m070,test,lo,D1,rw,cheap,0,238,0.22848
m070,test,lo,D1,rw,mid,0,327,0.295
m070,test,lo,D1,rw,expensive,0,242,1.95591
m070,test,lo,N1,raw,cheap,1,324,0.14275
m070,test,lo,N1,raw,mid,1,405,0.21225
m070,test,lo,N1,raw,expensive,1,338,2.32
m070,test,lo,N1,rw,cheap,0,413,0.27563
m070,test,lo,N1,rw,mid,1,456,0.33554
m070,test,lo,N1,rw,expensive,1,282,2.10737
m072,train,lo,base,raw,cheap,1,532,0.21971
m072,train,lo,base,raw,mid,1,381,0.19857
m072,train,lo,base,raw,expensive,1,262,1.832
m072,train,lo,base,rw,cheap,1,787,0.39795
m072,train,lo,base,rw,mid,1,506,0.33865999999999996
m072,train,lo,base,rw,expensive,1,274,1.9853399999999999
m072,train,lo,S1_lo,raw,cheap,1,660,0.26848
m072,train,lo,S1_lo,raw,mid,1,382,0.19979
m072,train,lo,S1_lo,raw,expensive,1,297,2.052
m072,train,lo,S1_lo,rw,cheap,1,327,0.22492
m072,train,lo,S1_lo,rw,mid,1,514,0.34503
m072,train,lo,S1_lo,rw,expensive,1,292,2.1014999999999997
m072,train,lo,S1_md,raw,cheap,1,389,0.16576
m072,train,lo,S1_md,raw,mid,1,406,0.21257
m072,train,lo,S1_md,raw,expensive,1,293,2.048
m072,train,lo,S1_md,rw,cheap,1,462,0.27644
m072,train,lo,S1_md,rw,mid,1,392,0.28733
m072,train,lo,S1_md,rw,expensive,1,265,1.9335900000000001
m072,train,lo,S1_hi,raw,cheap,0,349,0.15212
m072,train,lo,S1_hi,raw,mid,1,388,0.20546
m072,train,lo,S1_hi,raw,expensive,1,275,1.958
m072,train,lo,S1_hi,rw,cheap,1,642,0.34585
m072,train,lo,S1_hi,rw,mid,1,411,0.29699
m072,train,lo,S1_hi,rw,expensive,1,298,2.13047
m072,train,lo,E2_lo,raw,cheap,1,607,0.25133
m072,train,lo,E2_lo,raw,mid,1,522,0.26859
m072,train,lo,E2_lo,raw,expensive,1,290,2.05
m072,train,lo,E2_lo,rw,cheap,1,563,0.31658
m072,train,lo,E2_lo,rw,mid,1,410,0.29729
m072,train,lo,E2_lo,rw,expensive,1,306,2.18109
m072,train,lo,E2_hi,raw,cheap,1,416,0.18967
m072,train,lo,E2_hi,raw,mid,1,326,0.18802
m072,train,lo,E2_hi,raw,expensive,1,325,2.414
m072,train,lo,E2_hi,rw,cheap,1,444,0.28291
m072,train,lo,E2_hi,rw,mid,1,501,0.35161
m072,train,lo,E2_hi,rw,expensive,1,290,2.09664
m072,train,lo,D2,raw,cheap,1,394,0.16428
m072,train,lo,D2,raw,mid,1,341,0.17647
m072,train,lo,D2,raw,expensive,1,244,1.68
m072,train,lo,D2,rw,cheap,1,478,0.2639
m072,train,lo,D2,rw,mid,1,399,0.27143
m072,train,lo,D2,rw,expensive,1,252,1.7957
m072,train,lo,D1,raw,cheap,1,848,0.33875
m072,train,lo,D1,raw,mid,1,463,0.23606
m072,train,lo,D1,raw,expensive,1,286,1.962
m072,train,lo,D1,rw,cheap,1,514,0.29435999999999996
m072,train,lo,D1,rw,mid,1,371,0.2754
m072,train,lo,D1,rw,expensive,1,254,1.86923
m072,train,lo,N1,raw,cheap,1,506,0.21217
m072,train,lo,N1,raw,mid,1,533,0.27256
m072,train,lo,N1,raw,expensive,1,307,2.136
m072,train,lo,N1,rw,cheap,1,415,0.25896
m072,train,lo,N1,rw,mid,1,502,0.33995
m072,train,lo,N1,rw,expensive,1,264,1.93036
m073,test,hi,base,raw,cheap,1,493,0.21022
m073,test,hi,base,raw,mid,1,592,0.30509
m073,test,hi,base,raw,expensive,1,306,2.194
m073,test,hi,base,rw,cheap,1,449,0.30462
m073,test,hi,base,rw,mid,1,550,0.39645
m073,test,hi,base,rw,expensive,1,306,2.3032500000000002
m073,test,hi,S1_lo,raw,cheap,1,474,0.20365
m073,test,hi,S1_lo,raw,mid,1,610,0.3146
m073,test,hi,S1_lo,raw,expensive,1,468,3.18
m073,test,hi,S1_lo,rw,cheap,1,427,0.29778
m073,test,hi,S1_lo,rw,mid,1,570,0.40752
m073,test,hi,S1_lo,rw,expensive,1,385,2.78077
m073,test,hi,S1_md,raw,cheap,1,476,0.20441
m073,test,hi,S1_md,raw,mid,1,641,0.32962
m073,test,hi,S1_md,raw,expensive,1,342,2.43
m073,test,hi,S1_md,rw,cheap,1,449,0.30552
m073,test,hi,S1_md,rw,mid,1,562,0.40297
m073,test,hi,S1_md,rw,expensive,1,433,3.06428
m073,test,hi,S1_hi,raw,cheap,1,508,0.21696
m073,test,hi,S1_hi,raw,mid,1,747,0.38094
m073,test,hi,S1_hi,raw,expensive,1,321,2.324
m073,test,hi,S1_hi,rw,cheap,1,463,0.31234
m073,test,hi,S1_hi,rw,mid,1,563,0.40493999999999997
m073,test,hi,S1_hi,rw,expensive,1,289,2.2017800000000003
m073,test,hi,E2_lo,raw,cheap,1,493,0.21581
m073,test,hi,E2_lo,raw,mid,1,666,0.34482
m073,test,hi,E2_lo,raw,expensive,1,324,2.368
m073,test,hi,E2_lo,rw,cheap,1,449,0.31004
m073,test,hi,E2_lo,rw,mid,1,630,0.43962
m073,test,hi,E2_lo,rw,expensive,1,350,2.5746700000000002
m073,test,hi,E2_hi,raw,cheap,1,440,0.20659
m073,test,hi,E2_hi,raw,mid,1,636,0.34227
m073,test,hi,E2_hi,raw,expensive,1,325,2.528
m073,test,hi,E2_hi,rw,cheap,1,464,0.32682
m073,test,hi,E2_hi,rw,mid,1,533,0.40496
m073,test,hi,E2_hi,rw,expensive,1,346,2.5597499999999997
m073,test,hi,D2,raw,cheap,1,472,0.19925
m073,test,hi,D2,raw,mid,1,589,0.30038
m073,test,hi,D2,raw,expensive,1,372,2.546
m073,test,hi,D2,rw,cheap,1,532,0.33573
m073,test,hi,D2,rw,mid,1,813,0.51986
m073,test,hi,D2,rw,expensive,1,405,2.9063
m073,test,hi,D1,raw,cheap,1,563,0.23474
m073,test,hi,D1,raw,mid,1,496,0.25757
m073,test,hi,D1,raw,expensive,1,385,2.636
m073,test,hi,D1,rw,cheap,1,465,0.29869999999999997
m073,test,hi,D1,rw,mid,1,563,0.39024000000000003
m073,test,hi,D1,rw,expensive,1,312,2.29733
m073,test,hi,N1,raw,cheap,1,455,0.19877
m073,test,hi,N1,raw,mid,1,624,0.32343
m073,test,hi,N1,raw,expensive,1,434,3.006
m073,test,hi,N1,rw,cheap,1,465,0.3278
m073,test,hi,N1,rw,mid,1,606,0.44033
m073,test,hi,N1,rw,expensive,1,378,2.79536
m074,train,hi,base,raw,cheap,1,172,0.08512
m074,train,hi,base,raw,mid,1,390,0.20655
m074,train,hi,base,raw,expensive,1,252,1.822
m074,train,hi,base,rw,cheap,1,201,0.20485
m074,train,hi,base,rw,mid,1,518,0.37595
m074,train,hi,base,rw,expensive,1,266,2.05224
m074,train,hi,S1_lo,raw,cheap,1,201,0.09666
m074,train,hi,S1_lo,raw,mid,1,384,0.20418
m074,train,hi,S1_lo,raw,expensive,1,290,2.056
m074,train,hi,S1_lo,rw,cheap,1,172,0.17820999999999998
m074,train,hi,S1_lo,rw,mid,1,405,0.30655
m074,train,hi,S1_lo,rw,expensive,1,221,1.7160000000000002
m074,train,hi,S1_md,raw,cheap,1,199,0.09551
m074,train,hi,S1_md,raw,mid,1,411,0.21687
m074,train,hi,S1_md,raw,expensive,1,295,2.086
m074,train,hi,S1_md,rw,cheap,1,186,0.18292999999999998
m074,train,hi,S1_md,rw,mid,1,401,0.30405000000000004
m074,train,hi,S1_md,rw,expensive,1,243,1.8455300000000001
m074,train,hi,S1_hi,raw,cheap,1,178,0.08779
m074,train,hi,S1_hi,raw,mid,1,478,0.24986
m074,train,hi,S1_hi,raw,expensive,1,253,1.854
m074,train,hi,S1_hi,rw,cheap,1,351,0.24773
m074,train,hi,S1_hi,rw,mid,1,383,0.29771000000000003
m074,train,hi,S1_hi,rw,expensive,1,234,1.7954999999999999
m074,train,hi,E2_lo,raw,cheap,1,170,0.08995
m074,train,hi,E2_lo,raw,mid,1,388,0.21056
m074,train,hi,E2_lo,raw,expensive,1,201,1.582
m074,train,hi,E2_lo,rw,cheap,1,188,0.19779000000000002
m074,train,hi,E2_lo,rw,mid,1,307,0.27429000000000003
m074,train,hi,E2_lo,rw,expensive,1,188,1.55955
m074,train,hi,E2_hi,raw,cheap,1,194,0.10999
m074,train,hi,E2_hi,raw,mid,1,395,0.2254
m074,train,hi,E2_hi,raw,expensive,1,224,1.874
m074,train,hi,E2_hi,rw,cheap,1,172,0.19846
m074,train,hi,E2_hi,rw,mid,1,461,0.35326
m074,train,hi,E2_hi,rw,expensive,1,253,1.94134
m074,train,hi,D2,raw,cheap,1,197,0.09163
m074,train,hi,D2,raw,mid,1,414,0.21453
m074,train,hi,D2,raw,expensive,1,274,1.91
m074,train,hi,D2,rw,cheap,1,262,0.22846
m074,train,hi,D2,rw,mid,1,412,0.32655
m074,train,hi,D2,rw,expensive,1,304,2.29176
m074,train,hi,D1,raw,cheap,1,172,0.08395
m074,train,hi,D1,raw,mid,1,417,0.21789
m074,train,hi,D1,raw,expensive,1,196,1.468
m074,train,hi,D1,rw,cheap,1,183,0.17707
m074,train,hi,D1,rw,mid,1,383,0.29131
m074,train,hi,D1,rw,expensive,1,216,1.67185
m074,train,hi,N1,raw,cheap,1,174,0.08835
m074,train,hi,N1,raw,mid,1,422,0.22444
m074,train,hi,N1,raw,expensive,1,263,1.926
m074,train,hi,N1,rw,cheap,1,371,0.28649
m074,train,hi,N1,rw,mid,1,386,0.33102
m074,train,hi,N1,rw,expensive,1,223,1.8538999999999999
m075,train,hi,base,raw,cheap,0,348,0.15707
m075,train,hi,base,raw,mid,1,298,0.16826
m075,train,hi,base,raw,expensive,1,250,1.876
m075,train,hi,base,rw,cheap,0,270,0.19235000000000002
m075,train,hi,base,rw,mid,0,612,0.37982
m075,train,hi,base,rw,expensive,1,458,3.02888
m075,train,hi,S1_lo,raw,cheap,1,312,0.14417
m075,train,hi,S1_lo,raw,mid,1,1198,0.59321
m075,train,hi,S1_lo,raw,expensive,1,271,2.028
m075,train,hi,S1_lo,rw,cheap,0,247,0.23974
m075,train,hi,S1_lo,rw,mid,1,370,0.32321
m075,train,hi,S1_lo,rw,expensive,1,267,2.10466
m075,train,hi,S1_md,raw,cheap,0,467,0.20476
m075,train,hi,S1_md,raw,mid,1,353,0.19891
m075,train,hi,S1_md,raw,expensive,1,253,1.958
m075,train,hi,S1_md,rw,cheap,1,418,0.30551
m075,train,hi,S1_md,rw,mid,1,656,0.45861999999999997
m075,train,hi,S1_md,rw,expensive,1,205,1.7281000000000002
m075,train,hi,S1_hi,raw,cheap,0,787,0.32753
m075,train,hi,S1_hi,raw,mid,1,268,0.16091
m075,train,hi,S1_hi,raw,expensive,1,589,4.0
m075,train,hi,S1_hi,rw,cheap,1,331,0.2726
m075,train,hi,S1_hi,rw,mid,1,429,0.35202
m075,train,hi,S1_hi,rw,expensive,1,278,2.16064
m075,train,hi,E2_lo,raw,cheap,1,288,0.13986
m075,train,hi,E2_lo,raw,mid,1,1199,0.59668
m075,train,hi,E2_lo,raw,expensive,1,281,2.128
m075,train,hi,E2_lo,rw,cheap,0,344,0.2778
m075,train,hi,E2_lo,rw,mid,1,316,0.29896999999999996
m075,train,hi,E2_lo,rw,expensive,1,250,1.9982499999999999
m075,train,hi,E2_hi,raw,cheap,0,206,0.11637
m075,train,hi,E2_hi,raw,mid,1,358,0.20936
m075,train,hi,E2_hi,raw,expensive,1,290,2.288
m075,train,hi,E2_hi,rw,cheap,0,256,0.23332
m075,train,hi,E2_hi,rw,mid,1,407,0.33047
m075,train,hi,E2_hi,rw,expensive,1,260,1.98963
m075,train,hi,D2,raw,cheap,0,362,0.1594
m075,train,hi,D2,raw,mid,1,1776,0.85962
m075,train,hi,D2,raw,expensive,1,211,1.598
m075,train,hi,D2,rw,cheap,1,576,0.33859
m075,train,hi,D2,rw,mid,1,437,0.32837
m075,train,hi,D2,rw,expensive,1,283,2.11143
m075,train,hi,D1,raw,cheap,1,274,0.12479
m075,train,hi,D1,raw,mid,1,301,0.16547
m075,train,hi,D1,raw,expensive,1,267,1.922
m075,train,hi,D1,rw,cheap,1,309,0.23096
m075,train,hi,D1,rw,mid,1,338,0.27536
m075,train,hi,D1,rw,expensive,1,271,2.0162999999999998
m075,train,hi,N1,raw,cheap,0,167,0.0905
m075,train,hi,N1,raw,mid,1,1001,0.50077
m075,train,hi,N1,raw,expensive,1,262,1.976
m075,train,hi,N1,rw,cheap,0,189,0.16620000000000001
m075,train,hi,N1,rw,mid,0,2162,1.1129
m075,train,hi,N1,rw,expensive,0,270,1.91286
m076,test,lo,base,raw,cheap,1,282,0.12211
m076,test,lo,base,raw,mid,1,365,0.1894
m076,test,lo,base,raw,expensive,1,228,1.606
m076,test,lo,base,rw,cheap,1,289,0.19929000000000002
m076,test,lo,base,rw,mid,1,303,0.23478000000000002
m076,test,lo,base,rw,expensive,1,231,1.69852
m076,test,lo,S1_lo,raw,cheap,1,270,0.11716
m076,test,lo,S1_lo,raw,mid,1,304,0.16073
m076,test,lo,S1_lo,raw,expensive,1,233,1.636
m076,test,lo,S1_lo,rw,cheap,1,173,0.15521000000000001
m076,test,lo,S1_lo,rw,mid,1,282,0.22491
m076,test,lo,S1_lo,rw,expensive,1,228,1.68052
m076,test,lo,S1_md,raw,cheap,1,284,0.12261
m076,test,lo,S1_md,raw,mid,1,312,0.16404
m076,test,lo,S1_md,raw,expensive,1,196,1.408
m076,test,lo,S1_md,rw,cheap,1,173,0.15476
m076,test,lo,S1_md,rw,mid,1,316,0.24044
m076,test,lo,S1_md,rw,expensive,1,229,1.6860700000000002
m076,test,lo,S1_hi,raw,cheap,1,293,0.12837
m076,test,lo,S1_hi,raw,mid,1,302,0.16354
m076,test,lo,S1_hi,raw,expensive,1,231,1.674
m076,test,lo,S1_hi,rw,cheap,1,246,0.18730000000000002
m076,test,lo,S1_hi,rw,mid,1,315,0.24479
m076,test,lo,S1_hi,rw,expensive,1,224,1.66274
m076,test,lo,E2_lo,raw,cheap,1,195,0.09464
m076,test,lo,E2_lo,raw,mid,1,284,0.15628
m076,test,lo,E2_lo,raw,expensive,1,227,1.666
m076,test,lo,E2_lo,rw,cheap,1,173,0.16016
m076,test,lo,E2_lo,rw,mid,1,310,0.24302
m076,test,lo,E2_lo,rw,expensive,1,223,1.65547
m076,test,lo,E2_hi,raw,cheap,1,152,0.08922
m076,test,lo,E2_hi,raw,mid,1,279,0.16548
m076,test,lo,E2_hi,raw,expensive,1,231,1.844
m076,test,lo,E2_hi,rw,cheap,1,173,0.17171
m076,test,lo,E2_hi,rw,mid,1,314,0.25645
m076,test,lo,E2_hi,rw,expensive,1,228,1.6970200000000002
m076,test,lo,D2,raw,cheap,1,388,0.1594
m076,test,lo,D2,raw,mid,1,327,0.16824
m076,test,lo,D2,raw,expensive,1,226,1.55
m076,test,lo,D2,rw,cheap,1,351,0.21594999999999998
m076,test,lo,D2,rw,mid,1,330,0.24045
m076,test,lo,D2,rw,expensive,1,274,1.9384000000000001
m076,test,lo,D1,raw,cheap,1,202,0.09106
m076,test,lo,D1,raw,mid,1,281,0.14917
m076,test,lo,D1,raw,expensive,1,227,1.59
m076,test,lo,D1,rw,cheap,1,202,0.16248
m076,test,lo,D1,rw,mid,1,291,0.22529
m076,test,lo,D1,rw,expensive,1,225,1.64942
m076,test,lo,N1,raw,cheap,1,320,0.1385
m076,test,lo,N1,raw,mid,1,357,0.18774
m076,test,lo,N1,raw,expensive,1,243,1.724
m076,test,lo,N1,rw,cheap,1,465,0.2768
m076,test,lo,N1,rw,mid,1,399,0.29068
m076,test,lo,N1,rw,expensive,1,252,1.8612
m077,train,lo,base,raw,cheap,1,285,0.12273
m077,train,lo,base,raw,mid,1,343,0.17861
m077,train,lo,base,raw,expensive,1,277,1.894
m077,train,lo,base,rw,cheap,1,331,0.21321
m077,train,lo,base,rw,mid,1,433,0.29419
m077,train,lo,base,rw,expensive,1,271,1.93313
m077,train,lo,S1_lo,raw,cheap,1,234,0.10387
m077,train,lo,S1_lo,raw,mid,1,516,0.26037
m077,train,lo,S1_lo,raw,expensive,1,284,1.942
m077,train,lo,S1_lo,rw,cheap,1,316,0.21049
m077,train,lo,S1_lo,rw,mid,1,388,0.27597
m077,train,lo,S1_lo,rw,expensive,1,267,1.9194600000000002
m077,train,lo,S1_md,raw,cheap,1,334,0.14174
m077,train,lo,S1_md,raw,mid,1,422,0.21649
m077,train,lo,S1_md,raw,expensive,1,276,1.898
m077,train,lo,S1_md,rw,cheap,1,302,0.20187
m077,train,lo,S1_md,rw,mid,1,383,0.2702
m077,train,lo,S1_md,rw,expensive,1,271,1.92894
m077,train,lo,S1_hi,raw,cheap,0,404,0.16834
m077,train,lo,S1_hi,raw,mid,1,386,0.19987
m077,train,lo,S1_hi,raw,expensive,1,266,1.842
m077,train,lo,S1_hi,rw,cheap,1,350,0.22221
m077,train,lo,S1_hi,rw,mid,1,393,0.27706
m077,train,lo,S1_hi,rw,expensive,1,275,1.9606499999999998
m077,train,lo,E2_lo,raw,cheap,1,289,0.12737
m077,train,lo,E2_lo,raw,mid,1,250,0.13865
m077,train,lo,E2_lo,raw,expensive,1,259,1.836
m077,train,lo,E2_lo,rw,cheap,1,317,0.21104
m077,train,lo,E2_lo,rw,mid,1,392,0.27805
m077,train,lo,E2_lo,rw,expensive,1,273,1.9464100000000002
m077,train,lo,E2_hi,raw,cheap,1,253,0.12383
m077,train,lo,E2_hi,raw,mid,1,328,0.18446
m077,train,lo,E2_hi,raw,expensive,1,266,2.0
m077,train,lo,E2_hi,rw,cheap,1,401,0.25211
m077,train,lo,E2_hi,rw,mid,1,455,0.31681000000000004
m077,train,lo,E2_hi,rw,expensive,1,276,1.97356
m077,train,lo,D2,raw,cheap,1,307,0.1281
m077,train,lo,D2,raw,mid,1,333,0.17061
m077,train,lo,D2,raw,expensive,1,241,1.634
m077,train,lo,D2,rw,cheap,1,414,0.23751
m077,train,lo,D2,rw,mid,1,519,0.32697
m077,train,lo,D2,rw,expensive,1,272,1.9185400000000001
m077,train,lo,D1,raw,cheap,1,223,0.09748
m077,train,lo,D1,raw,mid,1,318,0.16476
m077,train,lo,D1,raw,expensive,1,264,1.788
m077,train,lo,D1,rw,cheap,1,258,0.17476
m077,train,lo,D1,rw,mid,1,325,0.23203000000000001
m077,train,lo,D1,rw,expensive,1,239,1.7019799999999998
m077,train,lo,N1,raw,cheap,1,291,0.12748
m077,train,lo,N1,raw,mid,1,500,0.2551
m077,train,lo,N1,raw,expensive,1,281,1.954
m077,train,lo,N1,rw,cheap,1,360,0.24146
m077,train,lo,N1,rw,mid,1,608,0.39402000000000004
m077,train,lo,N1,rw,expensive,1,295,2.13911
m078,train,lo,base,raw,cheap,1,140,0.06594
m078,train,lo,base,raw,mid,1,317,0.16369
m078,train,lo,base,raw,expensive,1,200,1.396
m078,train,lo,base,rw,cheap,1,207,0.16023
m078,train,lo,base,rw,mid,1,321,0.23451
m078,train,lo,base,rw,expensive,1,166,1.28314
m078,train,lo,S1_lo,raw,cheap,1,140,0.06646
m078,train,lo,S1_lo,raw,mid,1,292,0.15239
m078,train,lo,S1_lo,raw,expensive,1,207,1.444
m078,train,lo,S1_lo,rw,cheap,1,188,0.14613
m078,train,lo,S1_lo,rw,mid,1,347,0.23974
m078,train,lo,S1_lo,rw,expensive,1,205,1.4879499999999999
m078,train,lo,S1_md,raw,cheap,1,192,0.08609
m078,train,lo,S1_md,raw,mid,1,335,0.17305
m078,train,lo,S1_md,raw,expensive,1,209,1.462
m078,train,lo,S1_md,rw,cheap,1,201,0.15211999999999998
m078,train,lo,S1_md,rw,mid,1,342,0.23846
m078,train,lo,S1_md,rw,expensive,1,174,1.30487
m078,train,lo,S1_hi,raw,cheap,1,209,0.0932
m078,train,lo,S1_hi,raw,mid,1,163,0.09371
m078,train,lo,S1_hi,raw,expensive,1,181,1.314
m078,train,lo,S1_hi,rw,cheap,1,232,0.1648
m078,train,lo,S1_hi,rw,mid,1,245,0.19374999999999998
m078,train,lo,S1_hi,rw,expensive,1,150,1.1599000000000002
m078,train,lo,E2_lo,raw,cheap,1,177,0.08455
m078,train,lo,E2_lo,raw,mid,1,294,0.15708
m078,train,lo,E2_lo,raw,expensive,1,175,1.302
m078,train,lo,E2_lo,rw,cheap,1,204,0.15596
m078,train,lo,E2_lo,rw,mid,1,327,0.23409000000000002
m078,train,lo,E2_lo,rw,expensive,1,187,1.3837000000000002
m078,train,lo,E2_hi,raw,cheap,1,118,0.07162
m078,train,lo,E2_hi,raw,mid,1,318,0.17946
m078,train,lo,E2_hi,raw,expensive,1,190,1.54
m078,train,lo,E2_hi,rw,cheap,1,195,0.16364
m078,train,lo,E2_hi,rw,mid,1,349,0.25553
m078,train,lo,E2_hi,rw,expensive,1,175,1.3228
m078,train,lo,D2,raw,cheap,1,110,0.05155
m078,train,lo,D2,raw,mid,1,265,0.13595
m078,train,lo,D2,raw,expensive,1,158,1.1
m078,train,lo,D2,rw,cheap,1,270,0.17907
m078,train,lo,D2,rw,mid,1,354,0.24486000000000002
m078,train,lo,D2,rw,expensive,1,214,1.56043
m078,train,lo,D1,raw,cheap,1,144,0.06642
m078,train,lo,D1,raw,mid,1,349,0.17783
m078,train,lo,D1,raw,expensive,1,184,1.288
m078,train,lo,D1,rw,cheap,1,204,0.1542
m078,train,lo,D1,rw,mid,1,349,0.24305000000000002
m078,train,lo,D1,rw,expensive,1,198,1.45942
m078,train,lo,N1,raw,cheap,1,194,0.08906
m078,train,lo,N1,raw,mid,1,328,0.17141
m078,train,lo,N1,raw,expensive,1,212,1.502
m078,train,lo,N1,rw,cheap,1,196,0.17219
m078,train,lo,N1,rw,mid,1,401,0.2883
m078,train,lo,N1,rw,expensive,1,182,1.4360300000000001
m079,test,lo,base,raw,cheap,1,224,0.0989
m079,test,lo,base,raw,mid,1,376,0.19352
m079,test,lo,base,raw,expensive,1,206,1.46
m079,test,lo,base,rw,cheap,1,204,0.16148
m079,test,lo,base,rw,mid,1,400,0.27498
m079,test,lo,base,rw,expensive,1,206,1.5301799999999999
m079,test,lo,S1_lo,raw,cheap,1,189,0.08638
m079,test,lo,S1_lo,raw,mid,1,410,0.21055
m079,test,lo,S1_lo,raw,expensive,1,220,1.558
m079,test,lo,S1_lo,rw,cheap,1,229,0.17143
m079,test,lo,S1_lo,rw,mid,1,260,0.20961000000000002
m079,test,lo,S1_lo,rw,expensive,1,206,1.52876
m079,test,lo,S1_md,raw,cheap,1,271,0.11728
m079,test,lo,S1_md,raw,mid,1,278,0.14836
m079,test,lo,S1_md,raw,expensive,1,209,1.49
m079,test,lo,S1_md,rw,cheap,1,202,0.16161999999999999
m079,test,lo,S1_md,rw,mid,1,285,0.22183
m079,test,lo,S1_md,rw,expensive,1,206,1.53108
m079,test,lo,S1_hi,raw,cheap,1,232,0.10311
m079,test,lo,S1_hi,raw,mid,0,792,0.39174
m079,test,lo,S1_hi,raw,expensive,1,266,1.856
m079,test,lo,S1_hi,rw,cheap,0,170,0.14886
m079,test,lo,S1_hi,rw,mid,0,311,0.23336999999999997
m079,test,lo,S1_hi,rw,expensive,0,198,1.4749999999999999
m079,test,lo,E2_lo,raw,cheap,1,218,0.10221
m079,test,lo,E2_lo,raw,mid,1,416,0.21727
m079,test,lo,E2_lo,raw,expensive,1,216,1.586
m079,test,lo,E2_lo,rw,cheap,1,251,0.18429
m079,test,lo,E2_lo,rw,mid,1,352,0.25737
m079,test,lo,E2_lo,rw,expensive,1,176,1.35513
m079,test,lo,E2_hi,raw,cheap,1,178,0.0965
m079,test,lo,E2_hi,raw,mid,1,183,0.11886
m079,test,lo,E2_hi,raw,expensive,1,261,2.004
m079,test,lo,E2_hi,rw,cheap,1,203,0.17715
m079,test,lo,E2_hi,rw,mid,1,349,0.26705999999999996
m079,test,lo,E2_hi,rw,expensive,1,206,1.54623
m079,test,lo,D2,raw,cheap,1,252,0.10655
m079,test,lo,D2,raw,mid,1,249,0.13053
m079,test,lo,D2,raw,expensive,1,164,1.164
m079,test,lo,D2,rw,cheap,1,267,0.18379
m079,test,lo,D2,rw,mid,1,438,0.2914
m079,test,lo,D2,rw,expensive,1,262,1.87029
m079,test,lo,D1,raw,cheap,1,253,0.10927
m079,test,lo,D1,raw,mid,1,569,0.28348
m079,test,lo,D1,raw,expensive,1,242,1.666
m079,test,lo,D1,rw,cheap,1,289,0.1935
m079,test,lo,D1,rw,mid,1,448,0.29741
m079,test,lo,D1,rw,expensive,1,231,1.6819000000000002
m079,test,lo,N1,raw,cheap,1,253,0.11135
m079,test,lo,N1,raw,mid,1,482,0.24499
m079,test,lo,N1,raw,expensive,1,277,1.908
m079,test,lo,N1,rw,cheap,1,266,0.18669000000000002
m079,test,lo,N1,rw,mid,1,285,0.22258
m079,test,lo,N1,rw,expensive,1,206,1.53183
m080,test,lo,base,raw,cheap,1,495,0.20396
m080,test,lo,base,raw,mid,1,510,0.25755
m080,test,lo,base,raw,expensive,1,325,2.188
m080,test,lo,base,rw,cheap,1,353,0.22541
m080,test,lo,base,rw,mid,1,735,0.43968
m080,test,lo,base,rw,expensive,1,311,2.18593
m080,test,lo,S1_lo,raw,cheap,1,354,0.15051
m080,test,lo,S1_lo,raw,mid,1,485,0.2464
m080,test,lo,S1_lo,raw,expensive,1,311,2.112
m080,test,lo,S1_lo,rw,cheap,1,366,0.22946
m080,test,lo,S1_lo,rw,mid,1,475,0.3156
m080,test,lo,S1_lo,rw,expensive,1,316,2.2066500000000002
m080,test,lo,S1_md,raw,cheap,1,370,0.15633
m080,test,lo,S1_md,raw,mid,1,499,0.25253
m080,test,lo,S1_md,raw,expensive,1,315,2.13
m080,test,lo,S1_md,rw,cheap,1,332,0.21116000000000001
m080,test,lo,S1_md,rw,mid,1,556,0.34826
m080,test,lo,S1_md,rw,expensive,1,322,2.22244
m080,test,lo,S1_hi,raw,cheap,1,395,0.167
m080,test,lo,S1_hi,raw,mid,1,1168,0.56951
m080,test,lo,S1_hi,raw,expensive,1,326,2.23
m080,test,lo,S1_hi,rw,cheap,1,389,0.23657
m080,test,lo,S1_hi,rw,mid,1,565,0.35628
m080,test,lo,S1_hi,rw,expensive,1,300,2.09793
m080,test,lo,E2_lo,raw,cheap,1,435,0.18675
m080,test,lo,E2_lo,raw,mid,1,469,0.24323
m080,test,lo,E2_lo,raw,expensive,1,309,2.158
m080,test,lo,E2_lo,rw,cheap,1,500,0.28533
m080,test,lo,E2_lo,rw,mid,1,522,0.34265999999999996
m080,test,lo,E2_lo,rw,expensive,1,325,2.2674700000000003
m080,test,lo,E2_hi,raw,cheap,1,273,0.13286
m080,test,lo,E2_hi,raw,mid,1,479,0.25588
m080,test,lo,E2_hi,raw,expensive,1,313,2.288
m080,test,lo,E2_hi,rw,cheap,1,279,0.20929999999999999
m080,test,lo,E2_hi,rw,mid,1,552,0.36471
m080,test,lo,E2_hi,rw,expensive,1,320,2.2454199999999997
m080,test,lo,D2,raw,cheap,0,566,0.22795
m080,test,lo,D2,raw,mid,1,601,0.29702
m080,test,lo,D2,raw,expensive,1,287,1.916
m080,test,lo,D2,rw,cheap,1,442,0.25024
m080,test,lo,D2,rw,mid,1,529,0.33274000000000004
m080,test,lo,D2,rw,expensive,1,350,2.38946
m080,test,lo,D1,raw,cheap,0,323,0.13613
m080,test,lo,D1,raw,mid,1,459,0.23133
m080,test,lo,D1,raw,expensive,1,308,2.056
m080,test,lo,D1,rw,cheap,1,439,0.24543
m080,test,lo,D1,rw,mid,1,354,0.2472
m080,test,lo,D1,rw,expensive,1,302,2.08522
m080,test,lo,N1,raw,cheap,1,279,0.1237
m080,test,lo,N1,raw,mid,1,577,0.29084
m080,test,lo,N1,raw,expensive,1,338,2.29
m080,test,lo,N1,rw,cheap,1,414,0.24744
m080,test,lo,N1,rw,mid,1,552,0.35175
m080,test,lo,N1,rw,expensive,1,326,2.26291
m081,test,lo,base,raw,cheap,1,319,0.13565
m081,test,lo,base,raw,mid,1,516,0.25932
m081,test,lo,base,raw,expensive,1,190,1.364
m081,test,lo,base,rw,cheap,1,432,0.25584
m081,test,lo,base,rw,mid,1,355,0.26127
m081,test,lo,base,rw,expensive,1,197,1.50582
m081,test,lo,S1_lo,raw,cheap,1,269,0.11678
m081,test,lo,S1_lo,raw,mid,1,1219,0.59048
m081,test,lo,S1_lo,raw,expensive,1,194,1.398
m081,test,lo,S1_lo,rw,cheap,1,160,0.14715
m081,test,lo,S1_lo,rw,mid,1,211,0.18752000000000002
m081,test,lo,S1_lo,rw,expensive,1,163,1.2753999999999999
m081,test,lo,S1_md,raw,cheap,1,181,0.08451
m081,test,lo,S1_md,raw,mid,1,242,0.13264
m081,test,lo,S1_md,raw,expensive,1,198,1.44
m081,test,lo,S1_md,rw,cheap,1,211,0.16688999999999998
m081,test,lo,S1_md,rw,mid,1,339,0.24841000000000002
m081,test,lo,S1_md,rw,expensive,1,179,1.37028
m081,test,lo,S1_hi,raw,cheap,1,333,0.14214
m081,test,lo,S1_hi,raw,mid,1,648,0.32376
m081,test,lo,S1_hi,raw,expensive,1,191,1.402
m081,test,lo,S1_hi,rw,cheap,1,208,0.16665000000000002
m081,test,lo,S1_hi,rw,mid,1,526,0.33722
m081,test,lo,S1_hi,rw,expensive,1,186,1.4150500000000001
m081,test,lo,E2_lo,raw,cheap,1,207,0.09764
m081,test,lo,E2_lo,raw,mid,1,306,0.16482
m081,test,lo,E2_lo,raw,expensive,1,184,1.384
m081,test,lo,E2_lo,rw,cheap,1,184,0.15872999999999998
m081,test,lo,E2_lo,rw,mid,1,354,0.25756
m081,test,lo,E2_lo,rw,expensive,1,190,1.43838
m081,test,lo,E2_hi,raw,cheap,1,210,0.10749
m081,test,lo,E2_hi,raw,mid,1,337,0.18809
m081,test,lo,E2_hi,raw,expensive,1,193,1.554
m081,test,lo,E2_hi,rw,cheap,1,203,0.17465
m081,test,lo,E2_hi,rw,mid,1,321,0.25075000000000003
m081,test,lo,E2_hi,rw,expensive,1,178,1.37508
m081,test,lo,D2,raw,cheap,1,269,0.11366
m081,test,lo,D2,raw,mid,1,582,0.28704
m081,test,lo,D2,raw,expensive,1,181,1.266
m081,test,lo,D2,rw,cheap,1,269,0.17933
m081,test,lo,D2,rw,mid,1,1014,0.55592
m081,test,lo,D2,rw,expensive,1,220,1.59359
m081,test,lo,D1,raw,cheap,1,226,0.0994
m081,test,lo,D1,raw,mid,1,835,0.4082
m081,test,lo,D1,raw,expensive,1,187,1.332
m081,test,lo,D1,rw,cheap,1,310,0.19716
m081,test,lo,D1,rw,mid,1,409,0.27382
m081,test,lo,D1,rw,expensive,1,185,1.38584
m081,test,lo,N1,raw,cheap,1,204,0.09403
m081,test,lo,N1,raw,mid,1,510,0.2586
m081,test,lo,N1,raw,expensive,1,184,1.356
m081,test,lo,N1,rw,cheap,1,230,0.49518000000000006
m081,test,lo,N1,rw,mid,1,327,0.57199
m081,test,lo,N1,rw,expensive,1,210,2.86785
m082,test,hi,base,raw,cheap,1,332,0.15333
m082,test,hi,base,raw,mid,1,594,0.31038
m082,test,hi,base,raw,expensive,1,356,2.552
m082,test,hi,base,rw,cheap,1,444,0.33605
m082,test,hi,base,rw,mid,1,507,0.40973000000000004
m082,test,hi,base,rw,expensive,1,305,2.41769
m082,test,hi,S1_lo,raw,cheap,1,547,0.23607
m082,test,hi,S1_lo,raw,mid,1,891,0.45207
m082,test,hi,S1_lo,raw,expensive,1,488,3.372
m082,test,hi,S1_lo,rw,cheap,1,470,0.35325
m082,test,hi,S1_lo,rw,mid,1,811,0.56091
m082,test,hi,S1_lo,rw,expensive,1,592,4.1664900000000005
m082,test,hi,S1_md,raw,cheap,1,485,0.21225
m082,test,hi,S1_md,raw,mid,1,661,0.34427
m082,test,hi,S1_md,raw,expensive,1,438,3.076
m082,test,hi,S1_md,rw,cheap,1,548,0.38752
m082,test,hi,S1_md,rw,mid,1,799,0.5599099999999999
m082,test,hi,S1_md,rw,expensive,1,592,4.18408
m082,test,hi,S1_hi,raw,cheap,1,416,0.18811
m082,test,hi,S1_hi,raw,mid,1,604,0.32033
m082,test,hi,S1_hi,raw,expensive,1,494,3.45
m082,test,hi,S1_hi,rw,cheap,1,332,0.28442
m082,test,hi,S1_hi,rw,mid,1,520,0.40683
m082,test,hi,S1_hi,rw,expensive,1,331,2.52213
m082,test,hi,E2_lo,raw,cheap,1,311,0.15094
m082,test,hi,E2_lo,raw,mid,1,607,0.32144
m082,test,hi,E2_lo,raw,expensive,1,329,2.456
m082,test,hi,E2_lo,rw,cheap,1,314,0.28315
m082,test,hi,E2_lo,rw,mid,1,545,0.42447999999999997
m082,test,hi,E2_lo,rw,expensive,1,318,2.46853
m082,test,hi,E2_hi,raw,cheap,1,290,0.15063
m082,test,hi,E2_hi,raw,mid,1,790,0.4154
m082,test,hi,E2_hi,raw,expensive,1,478,3.456
m082,test,hi,E2_hi,rw,cheap,1,451,0.34521999999999997
m082,test,hi,E2_hi,rw,mid,1,466,0.39715999999999996
m082,test,hi,E2_hi,rw,expensive,1,319,2.48989
m082,test,hi,D2,raw,cheap,1,263,0.12412
m082,test,hi,D2,raw,mid,1,602,0.31084
m082,test,hi,D2,raw,expensive,1,376,2.628
m082,test,hi,D2,rw,cheap,1,606,0.38338
m082,test,hi,D2,rw,mid,1,853,0.55789
m082,test,hi,D2,rw,expensive,1,672,4.57193
m082,test,hi,D1,raw,cheap,1,311,0.14236
m082,test,hi,D1,raw,mid,1,754,0.38243
m082,test,hi,D1,raw,expensive,1,429,2.948
m082,test,hi,D1,rw,cheap,1,386,0.30799
m082,test,hi,D1,rw,mid,1,770,0.52709
m082,test,hi,D1,rw,expensive,1,419,3.08619
m082,test,hi,N1,raw,cheap,1,502,0.22027
m082,test,hi,N1,raw,mid,1,817,0.41789
m082,test,hi,N1,raw,expensive,1,508,3.5
m082,test,hi,N1,rw,cheap,1,374,0.3157
m082,test,hi,N1,rw,mid,1,1375,0.8247300000000001
m082,test,hi,N1,rw,expensive,1,315,2.49768
m084,train,hi,base,raw,cheap,1,222,0.10711
m084,train,hi,base,raw,mid,1,428,0.22621
m084,train,hi,base,raw,expensive,1,313,2.212
m084,train,hi,base,rw,cheap,1,229,0.21978999999999999
m084,train,hi,base,rw,mid,1,558,0.39779
m084,train,hi,base,rw,expensive,1,314,2.34698
m084,train,hi,S1_lo,raw,cheap,0,372,0.16502
m084,train,hi,S1_lo,raw,mid,1,679,0.34553
m084,train,hi,S1_lo,raw,expensive,1,264,1.936
m084,train,hi,S1_lo,rw,cheap,1,278,0.28254
m084,train,hi,S1_lo,rw,mid,0,1980,1.11088
m084,train,hi,S1_lo,rw,expensive,1,338,2.6652299999999998
m084,train,hi,S1_md,raw,cheap,1,318,0.14502
m084,train,hi,S1_md,raw,mid,1,369,0.20058
m084,train,hi,S1_md,raw,expensive,1,250,1.862
m084,train,hi,S1_md,rw,cheap,1,245,0.21996
m084,train,hi,S1_md,rw,mid,1,398,0.31601
m084,train,hi,S1_md,rw,expensive,1,271,2.0564999999999998
m084,train,hi,S1_hi,raw,cheap,1,245,0.11806
m084,train,hi,S1_hi,raw,mid,0,1486,0.72992
m084,train,hi,S1_hi,raw,expensive,0,489,3.354
m084,train,hi,S1_hi,rw,cheap,0,403,0.2885
m084,train,hi,S1_hi,rw,mid,0,515,0.38031
m084,train,hi,S1_hi,rw,expensive,1,362,2.62661
m084,train,hi,E2_lo,raw,cheap,1,305,0.14177
m084,train,hi,E2_lo,raw,mid,1,393,0.21351
m084,train,hi,E2_lo,raw,expensive,1,327,2.346
m084,train,hi,E2_lo,rw,cheap,1,225,0.20295000000000002
m084,train,hi,E2_lo,rw,mid,1,384,0.29991999999999996
m084,train,hi,E2_lo,rw,expensive,1,241,1.83369
m084,train,hi,E2_hi,raw,cheap,1,185,0.10631
m084,train,hi,E2_hi,raw,mid,1,343,0.19916
m084,train,hi,E2_hi,raw,expensive,1,323,2.444
m084,train,hi,E2_hi,rw,cheap,1,228,0.22657
m084,train,hi,E2_hi,rw,mid,1,471,0.36360000000000003
m084,train,hi,E2_hi,rw,expensive,1,290,2.1911799999999997
m084,train,hi,D2,raw,cheap,1,225,0.10526
m084,train,hi,D2,raw,mid,1,280,0.15335
m084,train,hi,D2,raw,expensive,1,272,1.922
m084,train,hi,D2,rw,cheap,1,381,0.27091
m084,train,hi,D2,rw,mid,1,535,0.37996
m084,train,hi,D2,rw,expensive,1,486,3.36086
m084,train,hi,D1,raw,cheap,1,373,0.16215
m084,train,hi,D1,raw,mid,0,437,0.22819
m084,train,hi,D1,raw,expensive,1,248,1.792
m084,train,hi,D1,rw,cheap,1,278,1.36089
m084,train,hi,D1,rw,mid,1,423,1.4753699999999998
m084,train,hi,D1,rw,expensive,1,480,7.89541
m084,train,hi,N1,raw,cheap,1,270,0.12795
m084,train,hi,N1,raw,mid,1,599,0.30943
m084,train,hi,N1,raw,expensive,1,293,2.13
m084,train,hi,N1,rw,cheap,1,222,0.2355
m084,train,hi,N1,rw,mid,1,553,0.41379
m084,train,hi,N1,rw,expensive,1,361,2.69358
m083,test,hi,base,raw,cheap,1,319,0.14774
m083,test,hi,base,raw,mid,1,561,0.29247
m083,test,hi,base,raw,expensive,1,320,2.304
m083,test,hi,base,rw,cheap,1,306,0.26295
m083,test,hi,base,rw,mid,1,506,0.38826
m083,test,hi,base,rw,expensive,1,381,2.79719
m083,test,hi,S1_lo,raw,cheap,1,458,0.20121
m083,test,hi,S1_lo,raw,mid,1,463,0.24761
m083,test,hi,S1_lo,raw,expensive,1,402,2.812
m083,test,hi,S1_lo,rw,cheap,1,345,0.28627
m083,test,hi,S1_lo,rw,mid,1,465,0.37639
m083,test,hi,S1_lo,rw,expensive,1,314,2.42109
m083,test,hi,S1_md,raw,cheap,1,361,0.165
m083,test,hi,S1_md,raw,mid,1,399,0.21933
m083,test,hi,S1_md,raw,expensive,1,394,2.788
m083,test,hi,S1_md,rw,cheap,1,324,0.27435
m083,test,hi,S1_md,rw,mid,1,460,0.36963999999999997
m083,test,hi,S1_md,rw,expensive,1,334,2.51819
m083,test,hi,S1_hi,raw,cheap,1,388,0.17578
m083,test,hi,S1_hi,raw,mid,0,885,0.44925
m083,test,hi,S1_hi,raw,expensive,1,344,2.508
m083,test,hi,S1_hi,rw,cheap,0,472,0.32883
m083,test,hi,S1_hi,rw,mid,1,973,0.6091500000000001
m083,test,hi,S1_hi,rw,expensive,1,336,2.5193399999999997
m083,test,hi,E2_lo,raw,cheap,1,362,0.16967
m083,test,hi,E2_lo,raw,mid,1,1497,0.73734
m083,test,hi,E2_lo,raw,expensive,1,267,2.052
m083,test,hi,E2_lo,rw,cheap,1,231,0.26554
m083,test,hi,E2_lo,rw,mid,1,582,0.45621
m083,test,hi,E2_lo,rw,expensive,1,325,2.57482
m083,test,hi,E2_hi,raw,cheap,1,179,0.1078
m083,test,hi,E2_hi,raw,mid,1,442,0.24944
m083,test,hi,E2_hi,raw,expensive,1,336,2.572
m083,test,hi,E2_hi,rw,cheap,1,338,0.28764
m083,test,hi,E2_hi,rw,mid,1,438,0.36734
m083,test,hi,E2_hi,rw,expensive,1,355,2.64668
m083,test,hi,D2,raw,cheap,1,360,0.16033
m083,test,hi,D2,raw,mid,1,319,0.17543
m083,test,hi,D2,raw,expensive,1,223,1.678
m083,test,hi,D2,rw,cheap,1,401,0.29082
m083,test,hi,D2,rw,mid,1,568,0.40914
m083,test,hi,D2,rw,expensive,1,466,3.2841299999999998
m083,test,hi,D1,raw,cheap,1,341,0.15246
m083,test,hi,D1,raw,mid,1,778,0.39101
m083,test,hi,D1,raw,expensive,1,283,2.036
m083,test,hi,D1,rw,cheap,1,266,0.25116
m083,test,hi,D1,rw,mid,1,358,0.32207
m083,test,hi,D1,rw,expensive,1,322,2.46691
m083,test,hi,N1,raw,cheap,0,338,0.15717
m083,test,hi,N1,raw,mid,1,482,0.25744
m083,test,hi,N1,raw,expensive,1,327,2.374
m083,test,hi,N1,rw,cheap,1,298,0.28846
m083,test,hi,N1,rw,mid,1,453,0.39210999999999996
m083,test,hi,N1,rw,expensive,1,330,2.5995
m085,test,hi,base,raw,cheap,1,360,0.17229
m085,test,hi,base,raw,mid,1,566,0.30532
m085,test,hi,base,raw,expensive,1,363,2.702
m085,test,hi,base,rw,cheap,1,368,0.53739
m085,test,hi,base,rw,mid,1,1239,0.9880200000000001
m085,test,hi,base,rw,expensive,1,401,3.9013400000000003
m085,test,hi,S1_lo,raw,cheap,1,470,0.21487
m085,test,hi,S1_lo,raw,mid,1,467,0.25999
m085,test,hi,S1_lo,raw,expensive,1,394,2.904
m085,test,hi,S1_lo,rw,cheap,1,830,0.57133
m085,test,hi,S1_lo,rw,mid,0,6826,3.46956
m085,test,hi,S1_lo,rw,expensive,0,3993,24.876089999999998
m085,test,hi,S1_md,raw,cheap,1,599,0.26415
m085,test,hi,S1_md,raw,mid,1,1118,0.56731
m085,test,hi,S1_md,raw,expensive,1,385,2.868
m085,test,hi,S1_md,rw,cheap,1,378,0.34747
m085,test,hi,S1_md,rw,mid,1,807,0.58742
m085,test,hi,S1_md,rw,expensive,0,2919,18.216079999999998
m085,test,hi,S1_hi,raw,cheap,1,628,0.27504
m085,test,hi,S1_hi,raw,mid,1,643,0.34406
m085,test,hi,S1_hi,raw,expensive,1,398,2.946
m085,test,hi,S1_hi,rw,cheap,1,336,0.36931
m085,test,hi,S1_hi,rw,mid,1,618,0.53765
m085,test,hi,S1_hi,rw,expensive,1,378,3.12569
m085,test,hi,E2_lo,raw,cheap,1,357,0.17752
m085,test,hi,E2_lo,raw,mid,1,404,0.23653
m085,test,hi,E2_lo,raw,expensive,1,297,2.404
m085,test,hi,E2_lo,rw,cheap,1,371,0.47570999999999997
m085,test,hi,E2_lo,rw,mid,1,331,0.49746
m085,test,hi,E2_lo,rw,expensive,1,464,4.00464
m085,test,hi,E2_hi,raw,cheap,1,367,0.18899
m085,test,hi,E2_hi,raw,mid,1,421,0.25247
m085,test,hi,E2_hi,raw,expensive,1,295,2.498
m085,test,hi,E2_hi,rw,cheap,1,433,0.36732
m085,test,hi,E2_hi,rw,mid,1,1234,0.7866
m085,test,hi,E2_hi,rw,expensive,0,1321,8.584019999999999
m085,test,hi,D2,raw,cheap,0,617,0.26696
m085,test,hi,D2,raw,mid,1,938,0.47686
m085,test,hi,D2,raw,expensive,1,371,2.706
m085,test,hi,D2,rw,cheap,1,482,0.34394
m085,test,hi,D2,rw,mid,1,791,0.53561
m085,test,hi,D2,rw,expensive,0,890,5.88309
m085,test,hi,D1,raw,cheap,1,478,0.20907
m085,test,hi,D1,raw,mid,1,826,0.41882
m085,test,hi,D1,raw,expensive,1,391,2.754
m085,test,hi,D1,rw,cheap,1,439,0.33613000000000004
m085,test,hi,D1,rw,mid,1,803,0.55011
m085,test,hi,D1,rw,expensive,0,1597,10.1765
m085,test,hi,N1,raw,cheap,1,391,0.18836
m085,test,hi,N1,raw,mid,1,578,0.31561
m085,test,hi,N1,raw,expensive,1,331,2.572
m085,test,hi,N1,rw,cheap,1,436,0.35673999999999995
m085,test,hi,N1,rw,mid,1,811,0.5759
m085,test,hi,N1,rw,expensive,0,1281,8.328429999999999
m088,test,hi,base,raw,cheap,1,190,0.09014
m088,test,hi,base,raw,mid,1,314,0.16843
m088,test,hi,base,raw,expensive,1,182,1.37
m088,test,hi,base,rw,cheap,1,193,0.17948
m088,test,hi,base,rw,mid,1,328,0.26379
m088,test,hi,base,rw,expensive,1,188,1.50033
m088,test,hi,S1_lo,raw,cheap,1,198,0.09409
m088,test,hi,S1_lo,raw,mid,1,292,0.15989
m088,test,hi,S1_lo,raw,expensive,1,182,1.394
m088,test,hi,S1_lo,rw,cheap,1,190,0.17886
m088,test,hi,S1_lo,rw,mid,1,243,0.22378
m088,test,hi,S1_lo,rw,expensive,1,188,1.4947199999999998
m088,test,hi,S1_md,raw,cheap,1,189,0.0908
m088,test,hi,S1_md,raw,mid,1,284,0.15583
m088,test,hi,S1_md,raw,expensive,1,176,1.354
m088,test,hi,S1_md,rw,cheap,1,189,0.17758000000000002
m088,test,hi,S1_md,rw,mid,1,401,0.29712
m088,test,hi,S1_md,rw,expensive,1,187,1.4859499999999999
m088,test,hi,S1_hi,raw,cheap,1,198,0.09526
m088,test,hi,S1_hi,raw,mid,1,426,0.22467
m088,test,hi,S1_hi,raw,expensive,1,284,2.03
m088,test,hi,S1_hi,rw,cheap,1,199,0.18395
m088,test,hi,S1_hi,rw,mid,1,294,0.24955
m088,test,hi,S1_hi,rw,expensive,1,188,1.4965199999999999
m088,test,hi,E2_lo,raw,cheap,1,302,0.13725
m088,test,hi,E2_lo,raw,mid,1,223,0.12986
m088,test,hi,E2_lo,raw,expensive,1,199,1.528
m088,test,hi,E2_lo,rw,cheap,1,191,0.18164000000000002
m088,test,hi,E2_lo,rw,mid,1,268,0.23793
m088,test,hi,E2_lo,rw,expensive,1,176,1.4251200000000002
m088,test,hi,E2_hi,raw,cheap,1,178,0.09884
m088,test,hi,E2_hi,raw,mid,1,178,0.11741
m088,test,hi,E2_hi,raw,expensive,1,164,1.434
m088,test,hi,E2_hi,rw,cheap,1,198,0.193
m088,test,hi,E2_hi,rw,mid,1,317,0.26966
m088,test,hi,E2_hi,rw,expensive,1,177,1.43982
m088,test,hi,D2,raw,cheap,1,218,0.09779
m088,test,hi,D2,raw,mid,1,427,0.21824
m088,test,hi,D2,raw,expensive,1,235,1.644
m088,test,hi,D2,rw,cheap,1,216,0.17944
m088,test,hi,D2,rw,mid,1,359,0.26886
m088,test,hi,D2,rw,expensive,1,256,1.88033
m088,test,hi,D1,raw,cheap,1,190,0.08871
m088,test,hi,D1,raw,mid,1,276,0.14922
m088,test,hi,D1,raw,expensive,1,194,1.424
m088,test,hi,D1,rw,cheap,1,342,0.22948000000000002
m088,test,hi,D1,rw,mid,1,296,0.24181999999999998
m088,test,hi,D1,rw,expensive,1,171,1.3747500000000001
m088,test,hi,N1,raw,cheap,1,210,0.10047
m088,test,hi,N1,raw,mid,1,326,0.17707
m088,test,hi,N1,raw,expensive,1,240,1.758
m088,test,hi,N1,rw,cheap,1,298,0.21891
m088,test,hi,N1,rw,mid,1,404,0.29879
m088,test,hi,N1,rw,expensive,1,187,1.48251
m086,test,lo,base,raw,cheap,1,287,0.11985
m086,test,lo,base,raw,mid,1,833,0.40381
m086,test,lo,base,raw,expensive,1,354,2.288
m086,test,lo,base,rw,cheap,0,205,0.14027
m086,test,lo,base,rw,mid,1,1098,0.57994
m086,test,lo,base,rw,expensive,1,502,3.22758
m086,test,lo,S1_lo,raw,cheap,1,299,0.12454
m086,test,lo,S1_lo,raw,mid,1,928,0.44876
m086,test,lo,S1_lo,raw,expensive,1,360,2.328
m086,test,lo,S1_lo,rw,cheap,0,219,0.14709
m086,test,lo,S1_lo,rw,mid,1,408,0.25718
m086,test,lo,S1_lo,rw,expensive,1,430,2.8008200000000003
m086,test,lo,S1_md,raw,cheap,1,298,0.12416
m086,test,lo,S1_md,raw,mid,1,549,0.27033
m086,test,lo,S1_md,raw,expensive,1,398,2.552
m086,test,lo,S1_md,rw,cheap,1,340,0.1941
m086,test,lo,S1_md,rw,mid,1,546,0.32298
m086,test,lo,S1_md,rw,expensive,1,414,2.70946
m086,test,lo,S1_hi,raw,cheap,1,328,0.13569
m086,test,lo,S1_hi,raw,mid,0,1054,0.50903
m086,test,lo,S1_hi,raw,expensive,1,463,2.96
m086,test,lo,S1_hi,rw,cheap,0,152,0.12234
m086,test,lo,S1_hi,rw,mid,1,451,0.27782
m086,test,lo,S1_hi,rw,expensive,1,315,2.1094
m086,test,lo,E2_lo,raw,cheap,0,138,0.0696
m086,test,lo,E2_lo,raw,mid,1,518,0.26311
m086,test,lo,E2_lo,raw,expensive,1,272,1.894
m086,test,lo,E2_lo,rw,cheap,0,199,0.14534
m086,test,lo,E2_lo,rw,mid,1,469,0.29166
m086,test,lo,E2_lo,rw,expensive,1,355,2.35293
m086,test,lo,E2_hi,raw,cheap,1,188,0.09731
m086,test,lo,E2_hi,raw,mid,1,368,0.20131
m086,test,lo,E2_hi,raw,expensive,1,409,2.832
m086,test,lo,E2_hi,rw,cheap,1,299,0.19204
m086,test,lo,E2_hi,rw,mid,1,351,0.2449
m086,test,lo,E2_hi,rw,expensive,1,359,2.38563
m086,test,lo,D2,raw,cheap,0,222,0.09216
m086,test,lo,D2,raw,mid,1,1151,0.54997
m086,test,lo,D2,raw,expensive,0,248,1.608
m086,test,lo,D2,rw,cheap,1,390,0.20727
m086,test,lo,D2,rw,mid,1,640,0.36138
m086,test,lo,D2,rw,expensive,1,694,4.37628
m086,test,lo,D1,raw,cheap,0,199,0.08537
m086,test,lo,D1,raw,mid,1,760,0.3686
m086,test,lo,D1,raw,expensive,0,287,1.874
m086,test,lo,D1,rw,cheap,1,362,0.20348999999999998
m086,test,lo,D1,rw,mid,1,729,0.40995000000000004
m086,test,lo,D1,rw,expensive,1,456,2.96797
m086,test,lo,N1,raw,cheap,1,303,0.1284
m086,test,lo,N1,raw,mid,1,690,0.339
m086,test,lo,N1,raw,expensive,0,409,2.65
m086,test,lo,N1,rw,cheap,1,341,0.20434
m086,test,lo,N1,rw,mid,1,4189,2.04503
m086,test,lo,N1,rw,expensive,0,402,2.6695
m087,train,lo,base,raw,cheap,1,336,0.14263
m087,train,lo,base,raw,mid,1,615,0.30795
m087,train,lo,base,raw,expensive,1,267,1.854
m087,train,lo,base,rw,cheap,1,341,0.22459
m087,train,lo,base,rw,mid,1,473,0.32131
m087,train,lo,base,rw,expensive,1,301,2.1418
m087,train,lo,S1_lo,raw,cheap,1,299,0.12857
m087,train,lo,S1_lo,raw,mid,1,496,0.25157
m087,train,lo,S1_lo,raw,expensive,1,271,1.872
m087,train,lo,S1_lo,rw,cheap,1,329,0.21838000000000002
m087,train,lo,S1_lo,rw,mid,1,390,0.28060999999999997
m087,train,lo,S1_lo,rw,expensive,1,276,1.98641
m087,train,lo,S1_md,raw,cheap,0,320,0.13707
m087,train,lo,S1_md,raw,mid,1,469,0.23933
m087,train,lo,S1_md,raw,expensive,1,265,1.842
m087,train,lo,S1_md,rw,cheap,1,301,0.20759
m087,train,lo,S1_md,rw,mid,1,563,0.36175
m087,train,lo,S1_md,rw,expensive,1,267,1.93039
m087,train,lo,S1_hi,raw,cheap,0,449,0.18674
m087,train,lo,S1_hi,raw,mid,1,402,0.20964
m087,train,lo,S1_hi,raw,expensive,0,326,2.232
m087,train,lo,S1_hi,rw,cheap,0,239,0.19796
m087,train,lo,S1_hi,rw,mid,0,469,0.33177
m087,train,lo,S1_hi,rw,expensive,0,253,1.89759
m087,train,lo,E2_lo,raw,cheap,1,256,0.1186
m087,train,lo,E2_lo,raw,mid,1,489,0.25608
m087,train,lo,E2_lo,raw,expensive,1,279,2.024
m087,train,lo,E2_lo,rw,cheap,1,362,0.23872
m087,train,lo,E2_lo,rw,mid,1,407,0.2964
m087,train,lo,E2_lo,rw,expensive,1,273,1.9762099999999998
m087,train,lo,E2_hi,raw,cheap,1,335,0.15733
m087,train,lo,E2_hi,raw,mid,1,384,0.21543
m087,train,lo,E2_hi,raw,expensive,1,283,2.164
m087,train,lo,E2_hi,rw,cheap,1,316,0.22994
m087,train,lo,E2_hi,rw,mid,1,422,0.31215
m087,train,lo,E2_hi,rw,expensive,1,273,1.98491
m087,train,lo,D2,raw,cheap,1,396,0.16244
m087,train,lo,D2,raw,mid,1,541,0.26987
m087,train,lo,D2,raw,expensive,1,321,2.134
m087,train,lo,D2,rw,cheap,1,369,0.22713
m087,train,lo,D2,rw,mid,1,564,0.35582
m087,train,lo,D2,rw,expensive,1,466,3.10874
m087,train,lo,D1,raw,cheap,1,341,0.14388
m087,train,lo,D1,raw,mid,1,555,0.27885
m087,train,lo,D1,raw,expensive,1,276,1.896
m087,train,lo,D1,rw,cheap,1,389,0.2484
m087,train,lo,D1,rw,mid,1,527,0.35261
m087,train,lo,D1,rw,expensive,1,268,1.97007
m087,train,lo,N1,raw,cheap,1,316,0.13698
m087,train,lo,N1,raw,mid,1,478,0.24551
m087,train,lo,N1,raw,expensive,1,322,2.21
m087,train,lo,N1,rw,cheap,1,403,0.26489
m087,train,lo,N1,rw,mid,1,548,0.37339
m087,train,lo,N1,rw,expensive,1,294,2.1610300000000002
m089,test,lo,base,raw,cheap,1,262,0.11594
m089,test,lo,base,raw,mid,1,572,0.29104
m089,test,lo,base,raw,expensive,1,342,2.348
m089,test,lo,base,rw,cheap,1,263,0.21182
m089,test,lo,base,rw,mid,1,537,0.37018999999999996
m089,test,lo,base,rw,expensive,1,340,2.44085
m089,test,lo,S1_lo,raw,cheap,1,303,0.13178
m089,test,lo,S1_lo,raw,mid,1,573,0.29166
m089,test,lo,S1_lo,raw,expensive,1,324,2.242
m089,test,lo,S1_lo,rw,cheap,1,297,0.22188999999999998
m089,test,lo,S1_lo,rw,mid,1,591,0.39262
m089,test,lo,S1_lo,rw,expensive,1,341,2.43465
m089,test,lo,S1_md,raw,cheap,0,204,0.09533
m089,test,lo,S1_md,raw,mid,1,414,0.21798
m089,test,lo,S1_md,raw,expensive,1,341,2.358
m089,test,lo,S1_md,rw,cheap,1,258,0.21832000000000001
m089,test,lo,S1_md,rw,mid,1,437,0.33183
m089,test,lo,S1_md,rw,expensive,1,309,2.28569
m089,test,lo,S1_hi,raw,cheap,1,335,0.14524
m089,test,lo,S1_hi,raw,mid,1,533,0.27586
m089,test,lo,S1_hi,raw,expensive,1,402,2.75
m089,test,lo,S1_hi,rw,cheap,1,321,0.23401
m089,test,lo,S1_hi,rw,mid,1,569,0.38528
m089,test,lo,S1_hi,rw,expensive,1,343,2.44965
m089,test,lo,E2_lo,raw,cheap,1,245,0.11585
m089,test,lo,E2_lo,raw,mid,1,445,0.2387
m089,test,lo,E2_lo,raw,expensive,1,334,2.398
m089,test,lo,E2_lo,rw,cheap,1,297,0.22909
m089,test,lo,E2_lo,rw,mid,1,618,0.41251
m089,test,lo,E2_lo,rw,expensive,1,338,2.42385
m089,test,lo,E2_hi,raw,cheap,1,275,0.13739
m089,test,lo,E2_hi,raw,mid,1,412,0.23234
m089,test,lo,E2_hi,raw,expensive,1,392,2.868
m089,test,lo,E2_hi,rw,cheap,1,314,0.24469999999999997
m089,test,lo,E2_hi,rw,mid,1,582,0.40474
m089,test,lo,E2_hi,rw,expensive,1,349,2.499
m089,test,lo,D2,raw,cheap,1,373,0.15513
m089,test,lo,D2,raw,mid,1,465,0.23745
m089,test,lo,D2,raw,expensive,1,296,2.028
m089,test,lo,D2,rw,cheap,1,305,0.21908
m089,test,lo,D2,rw,mid,1,574,0.3787
m089,test,lo,D2,rw,expensive,1,371,2.60132
m089,test,lo,D1,raw,cheap,1,270,0.11794
m089,test,lo,D1,raw,mid,1,440,0.2254
m089,test,lo,D1,raw,expensive,1,298,2.036
m089,test,lo,D1,rw,cheap,1,262,0.19252
m089,test,lo,D1,rw,mid,1,425,0.29596999999999996
m089,test,lo,D1,rw,expensive,1,302,2.13762
m089,test,lo,N1,raw,cheap,1,318,0.13995
m089,test,lo,N1,raw,mid,1,498,0.25911
m089,test,lo,N1,raw,expensive,1,374,2.578
m089,test,lo,N1,rw,cheap,1,310,0.22953
m089,test,lo,N1,rw,mid,1,496,0.35067
m089,test,lo,N1,rw,expensive,1,338,2.4193499999999997
m090,test,hi,base,raw,cheap,0,252,0.11773
m090,test,hi,base,raw,mid,0,287,0.15934
m090,test,hi,base,raw,expensive,1,266,1.922
m090,test,hi,base,rw,cheap,0,240,0.3153
m090,test,hi,base,rw,mid,0,459,0.44552
m090,test,hi,base,rw,expensive,0,284,2.5442899999999997
m090,test,hi,S1_lo,raw,cheap,0,358,0.15944
m090,test,hi,S1_lo,raw,mid,0,340,0.18575
m090,test,hi,S1_lo,raw,expensive,1,292,2.098
m090,test,hi,S1_lo,rw,cheap,0,370,0.26647
m090,test,hi,S1_lo,rw,mid,0,330,0.28347
m090,test,hi,S1_lo,rw,expensive,1,261,1.9977699999999998
m090,test,hi,S1_md,raw,cheap,1,198,0.09877
m090,test,hi,S1_md,raw,mid,0,513,0.26961
m090,test,hi,S1_md,raw,expensive,1,273,2.018
m090,test,hi,S1_md,rw,cheap,0,267,0.22996
m090,test,hi,S1_md,rw,mid,0,361,0.30121
m090,test,hi,S1_md,rw,expensive,1,315,2.3267900000000004
m090,test,hi,S1_hi,raw,cheap,0,310,0.14198
m090,test,hi,S1_hi,raw,mid,0,302,0.17074
m090,test,hi,S1_hi,raw,expensive,1,273,2.022
m090,test,hi,S1_hi,rw,cheap,0,288,0.23696
m090,test,hi,S1_hi,rw,mid,0,265,0.25453000000000003
m090,test,hi,S1_hi,rw,expensive,1,298,2.21768
m090,test,hi,E2_lo,raw,cheap,0,206,0.10662
m090,test,hi,E2_lo,raw,mid,0,3064,1.47188
m090,test,hi,E2_lo,raw,expensive,1,263,2.002
m090,test,hi,E2_lo,rw,cheap,0,267,0.23258
m090,test,hi,E2_lo,rw,mid,0,272,0.26144
m090,test,hi,E2_lo,rw,expensive,1,338,2.46315
m090,test,hi,E2_hi,raw,cheap,0,231,0.12626
m090,test,hi,E2_hi,raw,mid,0,275,0.1702
m090,test,hi,E2_hi,raw,expensive,1,280,2.226
m090,test,hi,E2_hi,rw,cheap,1,368,0.257
m090,test,hi,E2_hi,rw,mid,0,1688,0.91317
m090,test,hi,E2_hi,rw,expensive,1,293,2.1109099999999996
m090,test,hi,D2,raw,cheap,0,275,0.12348
m090,test,hi,D2,raw,mid,1,417,0.21714
m090,test,hi,D2,raw,expensive,1,265,1.872
m090,test,hi,D2,rw,cheap,0,294,0.24370000000000003
m090,test,hi,D2,rw,mid,0,522,0.38193
m090,test,hi,D2,rw,expensive,0,285,2.18884
m090,test,hi,D1,raw,cheap,0,330,0.14607
m090,test,hi,D1,raw,mid,0,312,0.16974
m090,test,hi,D1,raw,expensive,1,308,2.156
m090,test,hi,D1,rw,cheap,0,143,0.22351000000000001
m090,test,hi,D1,rw,mid,0,461,0.39054999999999995
m090,test,hi,D1,rw,expensive,0,288,2.34958
m090,test,hi,N1,raw,cheap,0,290,0.13477
m090,test,hi,N1,raw,mid,0,351,0.19212
m090,test,hi,N1,raw,expensive,1,332,2.354
m090,test,hi,N1,rw,cheap,0,233,0.23943
m090,test,hi,N1,rw,mid,0,372,0.32983
m090,test,hi,N1,rw,expensive,0,230,1.91424
m091,train,lo,base,raw,cheap,1,235,0.10295
m091,train,lo,base,raw,mid,1,232,0.12449
m091,train,lo,base,raw,expensive,1,208,1.454
m091,train,lo,base,rw,cheap,1,255,0.17515
m091,train,lo,base,rw,mid,1,210,0.17875000000000002
m091,train,lo,base,rw,expensive,1,197,1.4526
m091,train,lo,S1_lo,raw,cheap,1,238,0.10409
m091,train,lo,S1_lo,raw,mid,1,181,0.10067
m091,train,lo,S1_lo,raw,expensive,1,187,1.33
m091,train,lo,S1_lo,rw,cheap,1,242,0.17323
m091,train,lo,S1_lo,rw,mid,1,235,0.19375000000000003
m091,train,lo,S1_lo,rw,expensive,1,197,1.4650999999999998
m091,train,lo,S1_md,raw,cheap,1,267,0.11537
m091,train,lo,S1_md,raw,mid,1,378,0.19401
m091,train,lo,S1_md,raw,expensive,1,234,1.622
m091,train,lo,S1_md,rw,cheap,1,231,0.16693000000000002
m091,train,lo,S1_md,rw,mid,1,422,0.27929000000000004
m091,train,lo,S1_md,rw,expensive,1,197,1.4535
m091,train,lo,S1_hi,raw,cheap,1,254,0.11043
m091,train,lo,S1_hi,raw,mid,1,349,0.18098
m091,train,lo,S1_hi,raw,expensive,1,213,1.504
m091,train,lo,S1_hi,rw,cheap,1,242,0.17171
m091,train,lo,S1_hi,rw,mid,1,417,0.27754
m091,train,lo,S1_hi,rw,expensive,1,197,1.4541
m091,train,lo,E2_lo,raw,cheap,1,230,0.10742
m091,train,lo,E2_lo,raw,mid,1,222,0.12714
m091,train,lo,E2_lo,raw,expensive,1,183,1.402
m091,train,lo,E2_lo,rw,cheap,1,239,0.17642
m091,train,lo,E2_lo,rw,mid,1,244,0.20207999999999998
m091,train,lo,E2_lo,rw,expensive,1,197,1.4599499999999999
m091,train,lo,E2_hi,raw,cheap,1,241,0.12031
m091,train,lo,E2_hi,raw,mid,1,238,0.14336
m091,train,lo,E2_hi,raw,expensive,1,213,1.698
m091,train,lo,E2_hi,rw,cheap,1,238,0.18474000000000002
m091,train,lo,E2_hi,rw,mid,1,238,0.20796
m091,train,lo,E2_hi,rw,expensive,1,197,1.4686499999999998
m091,train,lo,D2,raw,cheap,1,259,0.10908
m091,train,lo,D2,raw,mid,1,220,0.11555
m091,train,lo,D2,raw,expensive,1,184,1.266
m091,train,lo,D2,rw,cheap,1,239,0.16157
m091,train,lo,D2,rw,mid,1,405,0.26276
m091,train,lo,D2,rw,expensive,1,260,1.81001
m091,train,lo,D1,raw,cheap,1,222,0.09749
m091,train,lo,D1,raw,mid,1,272,0.14284
m091,train,lo,D1,raw,expensive,1,197,1.382
m091,train,lo,D1,rw,cheap,1,251,0.17412
m091,train,lo,D1,rw,mid,1,232,0.18988
m091,train,lo,D1,rw,expensive,1,199,1.46909
m091,train,lo,N1,raw,cheap,1,231,0.10351
m091,train,lo,N1,raw,mid,1,398,0.20461
m091,train,lo,N1,raw,expensive,1,225,1.584
m091,train,lo,N1,rw,cheap,1,259,0.19596
m091,train,lo,N1,rw,mid,1,328,0.25367
m091,train,lo,N1,rw,expensive,1,183,1.4398600000000001
m092,test,lo,base,raw,cheap,1,271,0.1191
m092,test,lo,base,raw,mid,1,450,0.2304
m092,test,lo,base,raw,expensive,1,270,1.872
m092,test,lo,base,rw,cheap,1,271,0.19796
m092,test,lo,base,rw,mid,1,472,0.3196
m092,test,lo,base,rw,expensive,1,218,1.63886
m092,test,lo,S1_lo,raw,cheap,1,375,0.15901
m092,test,lo,S1_lo,raw,mid,1,464,0.23818
m092,test,lo,S1_lo,raw,expensive,1,209,1.522
m092,test,lo,S1_lo,rw,cheap,1,270,0.19878
m092,test,lo,S1_lo,rw,mid,1,526,0.34618000000000004
m092,test,lo,S1_lo,rw,expensive,1,220,1.65206
m092,test,lo,S1_md,raw,cheap,1,315,0.13699
m092,test,lo,S1_md,raw,mid,1,305,0.1645
m092,test,lo,S1_md,raw,expensive,1,267,1.884
m092,test,lo,S1_md,rw,cheap,1,271,0.19974
m092,test,lo,S1_md,rw,mid,1,462,0.31653
m092,test,lo,S1_md,rw,expensive,1,218,1.63864
m092,test,lo,S1_hi,raw,cheap,1,375,0.15979
m092,test,lo,S1_hi,raw,mid,1,485,0.2485
m092,test,lo,S1_hi,raw,expensive,1,294,2.038
m092,test,lo,S1_hi,rw,cheap,1,271,0.19974
m092,test,lo,S1_hi,rw,mid,1,496,0.33253
m092,test,lo,S1_hi,rw,expensive,1,254,1.85651
m092,test,lo,E2_lo,raw,cheap,1,275,0.12517
m092,test,lo,E2_lo,raw,mid,1,483,0.25011
m092,test,lo,E2_lo,raw,expensive,1,228,1.676
m092,test,lo,E2_lo,rw,cheap,1,271,0.20216
m092,test,lo,E2_lo,rw,mid,1,461,0.31862999999999997
m092,test,lo,E2_lo,rw,expensive,1,263,1.91306
m092,test,lo,E2_hi,raw,cheap,1,329,0.1544
m092,test,lo,E2_hi,raw,mid,1,414,0.22638
m092,test,lo,E2_hi,raw,expensive,1,290,2.164
m092,test,lo,E2_hi,rw,cheap,1,270,0.21048
m092,test,lo,E2_hi,rw,mid,1,453,0.32356999999999997
m092,test,lo,E2_hi,rw,expensive,1,253,1.86176
m092,test,lo,D2,raw,cheap,1,292,0.12409
m092,test,lo,D2,raw,mid,1,467,0.23509
m092,test,lo,D2,raw,expensive,1,267,1.81
m092,test,lo,D2,rw,cheap,1,343,0.21842
m092,test,lo,D2,rw,mid,1,512,0.33138
m092,test,lo,D2,rw,expensive,1,282,2.00474
m092,test,lo,D1,raw,cheap,1,323,0.13821
m092,test,lo,D1,raw,mid,1,451,0.23027
m092,test,lo,D1,raw,expensive,1,274,1.888
m092,test,lo,D1,rw,cheap,1,270,0.19445
m092,test,lo,D1,rw,mid,1,439,0.30101
m092,test,lo,D1,rw,expensive,1,258,1.8683800000000002
m092,test,lo,N1,raw,cheap,1,290,0.12853
m092,test,lo,N1,raw,mid,1,520,0.26585
m092,test,lo,N1,raw,expensive,1,252,1.798
m092,test,lo,N1,rw,cheap,1,270,0.20013
m092,test,lo,N1,rw,mid,1,474,0.32309
m092,test,lo,N1,rw,expensive,1,214,1.61741
m094,train,hi,base,raw,cheap,1,173,0.08433
m094,train,hi,base,raw,mid,1,304,0.16388
m094,train,hi,base,raw,expensive,1,257,1.822
m094,train,hi,base,rw,cheap,1,328,0.23637999999999998
m094,train,hi,base,rw,mid,1,290,0.25104
m094,train,hi,base,rw,expensive,1,271,2.01824
m094,train,hi,S1_lo,raw,cheap,1,209,0.09892
m094,train,hi,S1_lo,raw,mid,1,220,0.1259
m094,train,hi,S1_lo,raw,expensive,1,237,1.722
m094,train,hi,S1_lo,rw,cheap,1,265,0.20906000000000002
m094,train,hi,S1_lo,rw,mid,1,284,0.24414
m094,train,hi,S1_lo,rw,expensive,1,255,1.90151
m094,train,hi,S1_md,raw,cheap,1,215,0.10133
m094,train,hi,S1_md,raw,mid,1,266,0.14767
m094,train,hi,S1_md,raw,expensive,1,257,1.844
m094,train,hi,S1_md,rw,cheap,1,104,0.15043
m094,train,hi,S1_md,rw,mid,1,330,0.26839
m094,train,hi,S1_md,rw,expensive,1,226,1.7375399999999999
m094,train,hi,S1_hi,raw,cheap,1,217,0.10274
m094,train,hi,S1_hi,raw,mid,1,301,0.16622
m094,train,hi,S1_hi,raw,expensive,1,247,1.812
m094,train,hi,S1_hi,rw,cheap,1,183,0.18182
m094,train,hi,S1_hi,rw,mid,1,292,0.25201
m094,train,hi,S1_hi,rw,expensive,1,225,1.7311699999999999
m094,train,hi,E2_lo,raw,cheap,1,195,0.09724
m094,train,hi,E2_lo,raw,mid,1,302,0.16714
m094,train,hi,E2_lo,raw,expensive,1,240,1.776
m094,train,hi,E2_lo,rw,cheap,0,783,0.35583
m094,train,hi,E2_lo,rw,mid,0,370,0.23394
m094,train,hi,E2_lo,rw,expensive,1,501,3.16779
m094,train,hi,E2_hi,raw,cheap,1,151,0.09248
m094,train,hi,E2_hi,raw,mid,1,195,0.12915
m094,train,hi,E2_hi,raw,expensive,1,290,2.24
m094,train,hi,E2_hi,rw,cheap,1,223,0.20737
m094,train,hi,E2_hi,rw,mid,1,271,0.25241
m094,train,hi,E2_hi,rw,expensive,1,242,1.83604
m094,train,hi,D2,raw,cheap,1,186,0.08628
m094,train,hi,D2,raw,mid,1,243,0.13191
m094,train,hi,D2,raw,expensive,1,256,1.772
m094,train,hi,D2,rw,cheap,1,194,0.17235
m094,train,hi,D2,rw,mid,1,379,0.27903
m094,train,hi,D2,rw,expensive,1,276,2.00295
m094,train,hi,D1,raw,cheap,1,223,0.10307
m094,train,hi,D1,raw,mid,1,279,0.15183
m094,train,hi,D1,raw,expensive,1,243,1.734
m094,train,hi,D1,rw,cheap,1,168,0.17935
m094,train,hi,D1,rw,mid,1,295,0.25743
m094,train,hi,D1,rw,expensive,1,250,1.90923
m094,train,hi,N1,raw,cheap,1,318,0.14164
m094,train,hi,N1,raw,mid,1,1191,0.58317
m094,train,hi,N1,raw,expensive,1,702,4.524
m094,train,hi,N1,rw,cheap,1,348,0.2697
m094,train,hi,N1,rw,mid,1,923,0.57451
m094,train,hi,N1,rw,expensive,1,436,3.1045
m095,train,hi,base,raw,cheap,1,377,0.16172
m095,train,hi,base,raw,mid,1,445,0.23015
m095,train,hi,base,raw,expensive,1,220,1.6
m095,train,hi,base,rw,cheap,1,307,0.21969
m095,train,hi,base,rw,mid,1,484,0.33416
m095,train,hi,base,rw,expensive,1,189,1.49413
m095,train,hi,S1_lo,raw,cheap,1,321,0.1407
m095,train,hi,S1_lo,raw,mid,1,476,0.24472
m095,train,hi,S1_lo,raw,expensive,1,191,1.426
m095,train,hi,S1_lo,rw,cheap,1,389,0.25322
m095,train,hi,S1_lo,rw,mid,1,406,0.29874
m095,train,hi,S1_lo,rw,expensive,1,223,1.70307
m095,train,hi,S1_md,raw,cheap,1,236,0.10866
m095,train,hi,S1_md,raw,mid,1,492,0.25359
m095,train,hi,S1_md,raw,expensive,1,194,1.462
m095,train,hi,S1_md,rw,cheap,1,222,0.18964999999999999
m095,train,hi,S1_md,rw,mid,1,365,0.27958
m095,train,hi,S1_md,rw,expensive,1,197,1.54348
m095,train,hi,S1_hi,raw,cheap,1,245,0.11169
m095,train,hi,S1_hi,raw,mid,1,412,0.21554
m095,train,hi,S1_hi,raw,expensive,1,206,1.528
m095,train,hi,S1_hi,rw,cheap,1,317,0.22483
m095,train,hi,S1_hi,rw,mid,1,477,0.33115
m095,train,hi,S1_hi,rw,expensive,1,264,1.94256
m095,train,hi,E2_lo,raw,cheap,1,217,0.10729
m095,train,hi,E2_lo,raw,mid,1,358,0.19661
m095,train,hi,E2_lo,raw,expensive,1,216,1.674
m095,train,hi,E2_lo,rw,cheap,1,239,0.20039
m095,train,hi,E2_lo,rw,mid,1,413,0.3069
m095,train,hi,E2_lo,rw,expensive,1,189,1.49654
m095,train,hi,E2_hi,raw,cheap,1,189,0.10536
m095,train,hi,E2_hi,raw,mid,1,418,0.23351
m095,train,hi,E2_hi,raw,expensive,1,195,1.664
m095,train,hi,E2_hi,rw,cheap,1,224,0.2042
m095,train,hi,E2_hi,rw,mid,1,307,0.26702
m095,train,hi,E2_hi,rw,expensive,1,263,1.95418
m095,train,hi,D2,raw,cheap,1,381,0.16025
m095,train,hi,D2,raw,mid,1,487,0.24659
m095,train,hi,D2,raw,expensive,1,260,1.796
m095,train,hi,D2,rw,cheap,1,325,0.23060999999999998
m095,train,hi,D2,rw,mid,1,500,0.34519999999999995
m095,train,hi,D2,rw,expensive,1,250,1.8840000000000001
m095,train,hi,D1,raw,cheap,1,215,0.09964
m095,train,hi,D1,raw,mid,1,496,0.25352
m095,train,hi,D1,raw,expensive,1,195,1.442
m095,train,hi,D1,rw,cheap,1,218,0.1776
m095,train,hi,D1,rw,mid,1,367,0.27051000000000003
m095,train,hi,D1,rw,expensive,1,205,1.55742
m095,train,hi,N1,raw,cheap,1,391,0.17003
m095,train,hi,N1,raw,mid,1,419,0.22108
m095,train,hi,N1,raw,expensive,1,239,1.756
m095,train,hi,N1,rw,cheap,1,243,0.2173
m095,train,hi,N1,rw,mid,1,400,0.31643
m095,train,hi,N1,rw,expensive,1,208,1.68538
m093,train,lo,base,raw,cheap,1,441,0.18656
m093,train,lo,base,raw,mid,1,363,0.19281
m093,train,lo,base,raw,expensive,1,299,2.09
m093,train,lo,base,rw,cheap,1,457,0.28814
m093,train,lo,base,rw,mid,1,508,0.35656
m093,train,lo,base,rw,expensive,1,321,2.3268500000000003
m093,train,lo,S1_lo,raw,cheap,1,420,0.17923
m093,train,lo,S1_lo,raw,mid,1,353,0.18946
m093,train,lo,S1_lo,raw,expensive,1,327,2.276
m093,train,lo,S1_lo,rw,cheap,1,455,0.28873
m093,train,lo,S1_lo,rw,mid,1,396,0.30527
m093,train,lo,S1_lo,rw,expensive,1,315,2.2922000000000002
m093,train,lo,S1_md,raw,cheap,1,353,0.15403
m093,train,lo,S1_md,raw,mid,1,317,0.17374
m093,train,lo,S1_md,raw,expensive,1,311,2.196
m093,train,lo,S1_md,rw,cheap,1,265,0.21713
m093,train,lo,S1_md,rw,mid,1,414,0.31431
m093,train,lo,S1_md,rw,expensive,1,298,2.18893
m093,train,lo,S1_hi,raw,cheap,1,301,0.13427
m093,train,lo,S1_hi,raw,mid,1,543,0.27861
m093,train,lo,S1_hi,raw,expensive,1,320,2.232
m093,train,lo,S1_hi,rw,cheap,1,379,0.29043
m093,train,lo,S1_hi,rw,mid,1,363,0.32123
m093,train,lo,S1_hi,rw,expensive,1,300,2.32802
m093,train,lo,E2_lo,raw,cheap,1,372,0.16489
m093,train,lo,E2_lo,raw,mid,1,367,0.19889
m093,train,lo,E2_lo,raw,expensive,1,299,2.146
m093,train,lo,E2_lo,rw,cheap,1,444,0.2844
m093,train,lo,E2_lo,rw,mid,1,375,0.29514999999999997
m093,train,lo,E2_lo,rw,expensive,1,299,2.1866999999999996
m093,train,lo,E2_hi,raw,cheap,1,361,0.16942
m093,train,lo,E2_hi,raw,mid,1,367,0.20759
m093,train,lo,E2_hi,raw,expensive,1,311,2.334
m093,train,lo,E2_hi,rw,cheap,1,297,0.23724
m093,train,lo,E2_hi,rw,mid,1,455,0.34145000000000003
m093,train,lo,E2_hi,rw,expensive,1,296,2.1774
m093,train,lo,D2,raw,cheap,1,422,0.17635
m093,train,lo,D2,raw,mid,1,397,0.20549
m093,train,lo,D2,raw,expensive,1,282,1.944
m093,train,lo,D2,rw,cheap,1,364,0.2471
m093,train,lo,D2,rw,mid,1,442,0.31976
m093,train,lo,D2,rw,expensive,1,305,2.21767
m093,train,lo,D1,raw,cheap,1,471,0.19757
m093,train,lo,D1,raw,mid,1,374,0.19753
m093,train,lo,D1,raw,expensive,1,299,2.084
m093,train,lo,D1,rw,cheap,1,457,0.28769
m093,train,lo,D1,rw,mid,1,389,0.30018
m093,train,lo,D1,rw,expensive,1,332,2.3924
m093,train,lo,N1,raw,cheap,1,458,0.19536
m093,train,lo,N1,raw,mid,1,496,0.25787
m093,train,lo,N1,raw,expensive,1,376,2.586
m093,train,lo,N1,rw,cheap,1,464,0.29335
m093,train,lo,N1,rw,mid,1,423,0.31916
m093,train,lo,N1,rw,expensive,1,306,2.2394
m096,train,lo,base,raw,cheap,1,244,0.10936
m096,train,lo,base,raw,mid,1,382,0.19814
m096,train,lo,base,raw,expensive,1,268,1.856
m096,train,lo,base,rw,cheap,1,200,0.17334
m096,train,lo,base,rw,mid,1,398,0.287
m096,train,lo,base,rw,expensive,1,293,2.0984399999999996
m096,train,lo,S1_lo,raw,cheap,1,264,0.11683
m096,train,lo,S1_lo,raw,mid,1,401,0.20707
m096,train,lo,S1_lo,raw,expensive,1,273,1.886
m096,train,lo,S1_lo,rw,cheap,1,181,0.18678
m096,train,lo,S1_lo,rw,mid,1,416,0.31654000000000004
m096,train,lo,S1_lo,rw,expensive,1,279,2.09842
m096,train,lo,S1_md,raw,cheap,1,329,0.14218
m096,train,lo,S1_md,raw,mid,1,387,0.20154
m096,train,lo,S1_md,raw,expensive,1,316,2.158
m096,train,lo,S1_md,rw,cheap,1,169,0.16621
m096,train,lo,S1_md,rw,mid,1,338,0.26356999999999997
m096,train,lo,S1_md,rw,expensive,1,251,1.86231
m096,train,lo,S1_hi,raw,cheap,1,211,0.09786
m096,train,lo,S1_hi,raw,mid,0,731,0.36367
m096,train,lo,S1_hi,raw,expensive,1,273,1.906
m096,train,lo,S1_hi,rw,cheap,1,312,0.21445
m096,train,lo,S1_hi,rw,mid,1,386,0.27914
m096,train,lo,S1_hi,rw,expensive,1,324,2.2711200000000002
m096,train,lo,E2_lo,raw,cheap,1,307,0.13785
m096,train,lo,E2_lo,raw,mid,1,320,0.1732
m096,train,lo,E2_lo,raw,expensive,1,262,1.876
m096,train,lo,E2_lo,rw,cheap,1,302,0.21583
m096,train,lo,E2_lo,rw,mid,1,371,0.27788999999999997
m096,train,lo,E2_lo,rw,expensive,1,247,1.82417
m096,train,lo,E2_hi,raw,cheap,1,143,0.08749
m096,train,lo,E2_hi,raw,mid,1,400,0.2231
m096,train,lo,E2_hi,raw,expensive,1,284,2.172
m096,train,lo,E2_hi,rw,cheap,1,203,0.19624999999999998
m096,train,lo,E2_hi,rw,mid,1,352,0.28746
m096,train,lo,E2_hi,rw,expensive,1,253,1.89717
m096,train,lo,D2,raw,cheap,1,199,0.08927
m096,train,lo,D2,raw,mid,1,461,0.23197
m096,train,lo,D2,raw,expensive,1,326,2.16
m096,train,lo,D2,rw,cheap,1,318,0.22966999999999999
m096,train,lo,D2,rw,mid,1,502,0.34746
m096,train,lo,D2,rw,expensive,1,411,2.86242
m096,train,lo,D1,raw,cheap,1,222,0.10009
m096,train,lo,D1,raw,mid,1,447,0.22794
m096,train,lo,D1,raw,expensive,1,312,2.11
m096,train,lo,D1,rw,cheap,1,244,0.18357
m096,train,lo,D1,rw,mid,1,410,0.28569
m096,train,lo,D1,rw,expensive,1,282,2.00699
m096,train,lo,N1,raw,cheap,1,299,0.13273
m096,train,lo,N1,raw,mid,1,503,0.25756
m096,train,lo,N1,raw,expensive,1,422,2.814
m096,train,lo,N1,rw,cheap,1,230,0.21027
m096,train,lo,N1,rw,mid,1,450,0.33693
m096,train,lo,N1,rw,expensive,1,363,2.61238
m099,train,lo,base,raw,cheap,1,243,0.10651
m099,train,lo,base,raw,mid,1,415,0.2117
m099,train,lo,base,raw,expensive,1,252,1.734
m099,train,lo,base,rw,cheap,1,246,0.17708000000000002
m099,train,lo,base,rw,mid,1,450,0.29771
m099,train,lo,base,rw,expensive,1,249,1.78556
m099,train,lo,S1_lo,raw,cheap,1,260,0.11297
m099,train,lo,S1_lo,raw,mid,1,465,0.2355
m099,train,lo,S1_lo,raw,expensive,1,257,1.768
m099,train,lo,S1_lo,rw,cheap,1,246,0.17678
m099,train,lo,S1_lo,rw,mid,1,469,0.30632
m099,train,lo,S1_lo,rw,expensive,1,248,1.77739
m099,train,lo,S1_md,raw,cheap,1,280,0.12122
m099,train,lo,S1_md,raw,mid,1,451,0.22952
m099,train,lo,S1_md,raw,expensive,1,250,1.734
m099,train,lo,S1_md,rw,cheap,1,246,0.17811
m099,train,lo,S1_md,rw,mid,1,526,0.33433
m099,train,lo,S1_md,rw,expensive,1,252,1.80446
m099,train,lo,S1_hi,raw,cheap,1,108,0.05755
m099,train,lo,S1_hi,raw,mid,1,393,0.20526
m099,train,lo,S1_hi,raw,expensive,1,256,1.81
m099,train,lo,S1_hi,rw,cheap,1,274,0.19522
m099,train,lo,S1_hi,rw,mid,1,484,0.32131
m099,train,lo,S1_hi,rw,expensive,1,260,1.87028
m099,train,lo,E2_lo,raw,cheap,1,246,0.11324
m099,train,lo,E2_lo,raw,mid,1,502,0.25754
m099,train,lo,E2_lo,raw,expensive,1,247,1.77
m099,train,lo,E2_lo,rw,cheap,1,243,0.18102000000000001
m099,train,lo,E2_lo,rw,mid,1,381,0.27023
m099,train,lo,E2_lo,rw,expensive,1,249,1.79051
m099,train,lo,E2_hi,raw,cheap,1,239,0.11825
m099,train,lo,E2_hi,raw,mid,1,501,0.26502
m099,train,lo,E2_hi,raw,expensive,1,276,2.05
m099,train,lo,E2_hi,rw,cheap,1,248,0.19074000000000002
m099,train,lo,E2_hi,rw,mid,1,444,0.30779
m099,train,lo,E2_hi,rw,expensive,1,249,1.79846
m099,train,lo,D2,raw,cheap,1,220,0.09478
m099,train,lo,D2,raw,mid,1,331,0.16892
m099,train,lo,D2,raw,expensive,1,211,1.444
m099,train,lo,D2,rw,cheap,1,303,0.19183999999999998
m099,train,lo,D2,rw,mid,1,525,0.32594
m099,train,lo,D2,rw,expensive,1,343,2.3314399999999997
m099,train,lo,D1,raw,cheap,1,278,0.11942
m099,train,lo,D1,raw,mid,0,769,0.37763
m099,train,lo,D1,raw,expensive,1,249,1.71
m099,train,lo,D1,rw,cheap,1,246,0.17482999999999999
m099,train,lo,D1,rw,mid,1,478,0.30856
m099,train,lo,D1,rw,expensive,1,248,1.7717
m099,train,lo,N1,raw,cheap,1,327,0.14155
m099,train,lo,N1,raw,mid,1,530,0.26905
m099,train,lo,N1,raw,expensive,1,324,2.21
m099,train,lo,N1,rw,cheap,1,336,0.24124
m099,train,lo,N1,rw,mid,1,611,0.40396
m099,train,lo,N1,rw,expensive,1,311,2.26954
m098,test,lo,base,raw,cheap,1,136,0.06637
m098,test,lo,base,raw,mid,0,2167,1.03604
m098,test,lo,base,raw,expensive,1,193,1.392
m098,test,lo,base,rw,cheap,1,172,0.16687000000000002
m098,test,lo,base,rw,mid,1,248,0.22164999999999999
m098,test,lo,base,rw,expensive,1,208,1.61209
m098,test,lo,S1_lo,raw,cheap,1,139,0.06764
m098,test,lo,S1_lo,raw,mid,1,672,0.33354
m098,test,lo,S1_lo,raw,expensive,1,196,1.412
m098,test,lo,S1_lo,rw,cheap,1,155,0.14462
m098,test,lo,S1_lo,rw,mid,1,682,0.40904
m098,test,lo,S1_lo,rw,expensive,1,217,1.59955
m098,test,lo,S1_md,raw,cheap,1,177,0.08208
m098,test,lo,S1_md,raw,mid,1,582,0.29199
m098,test,lo,S1_md,raw,expensive,1,205,1.476
m098,test,lo,S1_md,rw,cheap,1,141,0.14245
m098,test,lo,S1_md,rw,mid,1,665,0.40428
m098,test,lo,S1_md,rw,expensive,1,196,1.4841799999999998
m098,test,lo,S1_hi,raw,cheap,1,132,0.06511
m098,test,lo,S1_hi,raw,mid,1,247,0.13439
m098,test,lo,S1_hi,raw,expensive,1,217,1.546
m098,test,lo,S1_hi,rw,cheap,1,151,0.1449
m098,test,lo,S1_hi,rw,mid,0,497,0.32393
m098,test,lo,S1_hi,rw,expensive,1,302,2.11509
m098,test,lo,E2_lo,raw,cheap,1,140,0.07244
m098,test,lo,E2_lo,raw,mid,0,371,0.19612
m098,test,lo,E2_lo,raw,expensive,1,195,1.46
m098,test,lo,E2_lo,rw,cheap,0,94,0.30645
m098,test,lo,E2_lo,rw,mid,0,360,0.44713
m098,test,lo,E2_lo,rw,expensive,0,324,2.98413
m098,test,lo,E2_hi,raw,cheap,1,141,0.08231
m098,test,lo,E2_hi,raw,mid,0,240,0.14565
m098,test,lo,E2_hi,raw,expensive,1,238,1.866
m098,test,lo,E2_hi,rw,cheap,1,147,0.15913
m098,test,lo,E2_hi,rw,mid,1,643,0.40834
m098,test,lo,E2_hi,rw,expensive,1,198,1.51058
m098,test,lo,D2,raw,cheap,1,152,0.06946
m098,test,lo,D2,raw,mid,0,389,0.19708
m098,test,lo,D2,raw,expensive,1,209,1.444
m098,test,lo,D2,rw,cheap,1,248,0.19678
m098,test,lo,D2,rw,mid,1,473,0.32844
m098,test,lo,D2,rw,expensive,1,211,1.64408
m098,test,lo,D1,raw,cheap,1,152,0.07154
m098,test,lo,D1,raw,mid,1,281,0.14857
m098,test,lo,D1,raw,expensive,1,180,1.3
m098,test,lo,D1,rw,cheap,0,105,0.12896
m098,test,lo,D1,rw,mid,0,338,0.25112
m098,test,lo,D1,rw,expensive,0,319,2.2301100000000003
m098,test,lo,N1,raw,cheap,1,143,0.0715
m098,test,lo,N1,raw,mid,0,697,0.34784
m098,test,lo,N1,raw,expensive,1,256,1.806
m098,test,lo,N1,rw,cheap,1,262,0.20343
m098,test,lo,N1,rw,mid,1,286,0.24158999999999997
m098,test,lo,N1,rw,expensive,1,222,1.69632
m097,train,hi,base,raw,cheap,0,424,0.1801
m097,train,hi,base,raw,mid,0,975,0.48075
m097,train,hi,base,raw,expensive,0,344,2.364
m097,train,hi,base,rw,cheap,0,473,0.40458
m097,train,hi,base,rw,mid,0,1165,0.77911
m097,train,hi,base,rw,expensive,0,487,3.7751599999999996
m097,train,hi,S1_lo,raw,cheap,0,464,0.1953
m097,train,hi,S1_lo,raw,mid,1,1470,0.71385
m097,train,hi,S1_lo,raw,expensive,0,372,2.538
m097,train,hi,S1_lo,rw,cheap,0,427,0.27543
m097,train,hi,S1_lo,rw,mid,1,1063,0.6163
m097,train,hi,S1_lo,rw,expensive,0,344,2.45819
m097,train,hi,S1_md,raw,cheap,0,1748,0.68374
m097,train,hi,S1_md,raw,mid,1,737,0.36994
m097,train,hi,S1_md,raw,expensive,1,693,4.472
m097,train,hi,S1_md,rw,cheap,0,555,0.45282999999999995
m097,train,hi,S1_md,rw,mid,0,778,0.61377
m097,train,hi,S1_md,rw,expensive,0,651,4.82196
m097,train,hi,S1_hi,raw,cheap,0,646,0.26589
m097,train,hi,S1_hi,raw,mid,1,1405,0.68585
m097,train,hi,S1_hi,raw,expensive,0,387,2.662
m097,train,hi,S1_hi,rw,cheap,0,411,0.27190000000000003
m097,train,hi,S1_hi,rw,mid,1,877,0.5314300000000001
m097,train,hi,S1_hi,rw,expensive,0,370,2.61674
m097,train,hi,E2_lo,raw,cheap,0,423,0.18531
m097,train,hi,E2_lo,raw,mid,0,3051,1.46142
m097,train,hi,E2_lo,raw,expensive,0,418,2.874
m097,train,hi,E2_lo,rw,cheap,0,477,0.29893000000000003
m097,train,hi,E2_lo,rw,mid,1,1713,0.9262999999999999
m097,train,hi,E2_lo,rw,expensive,0,365,2.58869
m097,train,hi,E2_hi,raw,cheap,0,402,0.185
m097,train,hi,E2_hi,raw,mid,0,1430,0.7075
m097,train,hi,E2_hi,raw,expensive,0,400,2.872
m097,train,hi,E2_hi,rw,cheap,0,538,0.33006
m097,train,hi,E2_hi,rw,mid,0,2515,1.31119
m097,train,hi,E2_hi,rw,expensive,0,344,2.47064
m097,train,hi,D2,raw,cheap,0,481,0.19877
m097,train,hi,D2,raw,mid,0,3828,1.81836
m097,train,hi,D2,raw,expensive,0,410,2.716
m097,train,hi,D2,rw,cheap,0,443,0.27356
m097,train,hi,D2,rw,mid,1,1487,0.80749
m097,train,hi,D2,rw,expensive,0,360,2.53315
m097,train,hi,D1,raw,cheap,0,398,0.16996
m097,train,hi,D1,raw,mid,0,767,0.38269
m097,train,hi,D1,raw,expensive,0,326,2.252
m097,train,hi,D1,rw,cheap,0,452,0.32558
m097,train,hi,D1,rw,mid,0,688,0.48208000000000006
m097,train,hi,D1,rw,expensive,0,438,3.1918699999999998
m097,train,hi,N1,raw,cheap,0,448,0.19182
m097,train,hi,N1,raw,mid,0,3012,1.44099
m097,train,hi,N1,raw,expensive,0,398,2.726
m097,train,hi,N1,rw,cheap,0,277,0.78479
m097,train,hi,N1,rw,mid,0,843,1.09376
m097,train,hi,N1,rw,expensive,0,402,5.1131
